-- phpMyAdmin SQL Dump
-- version 4.8.5
-- https://www.phpmyadmin.net/
--
-- 主机： localhost
-- 生成日期： 2022-04-01 02:50:47
-- 服务器版本： 5.7.26
-- PHP 版本： 7.3.4

SET SQL_MODE = "NO_AUTO_VALUE_ON_ZERO";
SET AUTOCOMMIT = 0;
START TRANSACTION;
SET time_zone = "+00:00";


/*!40101 SET @OLD_CHARACTER_SET_CLIENT=@@CHARACTER_SET_CLIENT */;
/*!40101 SET @OLD_CHARACTER_SET_RESULTS=@@CHARACTER_SET_RESULTS */;
/*!40101 SET @OLD_COLLATION_CONNECTION=@@COLLATION_CONNECTION */;
/*!40101 SET NAMES utf8mb4 */;

--
-- 数据库： `dc_article`
--

-- --------------------------------------------------------

--
-- 表的结构 `dc_art_administrators`
--

CREATE TABLE `dc_art_administrators` (
  `admin_id` int(11) NOT NULL COMMENT '管理员ID',
  `admin_name` varchar(255) DEFAULT NULL COMMENT '用户帐号',
  `admin_password` varchar(255) DEFAULT NULL COMMENT '密码',
  `admin_password_rnd` varchar(255) DEFAULT NULL COMMENT '登陆随机密码',
  `role_id` int(11) DEFAULT '0' COMMENT '权限组ID',
  `is_enabled` tinyint(1) DEFAULT '1' COMMENT '是否启用，1为启用',
  `real_name` varchar(255) DEFAULT NULL COMMENT '真实姓名',
  `tel` varchar(255) DEFAULT NULL COMMENT '电话，手机',
  `email` varchar(255) DEFAULT NULL COMMENT '邮箱',
  `wechat` varchar(255) DEFAULT NULL COMMENT '微信号',
  `qq` varchar(255) DEFAULT NULL COMMENT 'QQ号',
  `last_login_ip` varchar(50) DEFAULT NULL COMMENT '最后登陆IP',
  `last_login_time` datetime DEFAULT NULL COMMENT '最后登陆时间',
  `last_logout_time` datetime DEFAULT NULL COMMENT '最后退出时间',
  `login_times` int(11) DEFAULT NULL COMMENT '登陆次数',
  `admin_remarks` text COMMENT '备注'
) ENGINE=MyISAM DEFAULT CHARSET=utf8;

--
-- 转存表中的数据 `dc_art_administrators`
--

INSERT INTO `dc_art_administrators` (`admin_id`, `admin_name`, `admin_password`, `admin_password_rnd`, `role_id`, `is_enabled`, `real_name`, `tel`, `email`, `wechat`, `qq`, `last_login_ip`, `last_login_time`, `last_logout_time`, `login_times`, `admin_remarks`) VALUES
(1, 'caozha', '5fd9cd58f4e516bae46557b355c5208a', NULL, 1, 1, '草札', '1320000000', 'dzh188@qq.com', 'wx', 'qq', '127.0.0.1', '2022-03-31 15:50:26', '2022-03-22 01:19:27', 129, '');

-- --------------------------------------------------------

--
-- 表的结构 `dc_art_article`
--

CREATE TABLE `dc_art_article` (
  `id` int(11) UNSIGNED NOT NULL,
  `catid` int(11) UNSIGNED NOT NULL DEFAULT '0',
  `title` varchar(255) COLLATE utf8mb4_unicode_ci DEFAULT '' COMMENT '标题',
  `content` longtext COLLATE utf8mb4_unicode_ci COMMENT '内容',
  `style` char(24) CHARACTER SET utf8 COLLATE utf8_unicode_ci DEFAULT '' COMMENT '风格',
  `thumb` varchar(255) CHARACTER SET utf8 COLLATE utf8_unicode_ci DEFAULT '' COMMENT '缩略图',
  `keywords` varchar(255) CHARACTER SET utf8 COLLATE utf8_unicode_ci DEFAULT '' COMMENT '关键词',
  `description` mediumtext COLLATE utf8mb4_unicode_ci COMMENT '描述',
  `tags` varchar(500) COLLATE utf8mb4_unicode_ci DEFAULT NULL COMMENT 'Tag标签，多个中间用,分隔',
  `url` varchar(255) CHARACTER SET utf8 COLLATE utf8_unicode_ci DEFAULT NULL COMMENT '打开链接',
  `listorder` int(11) UNSIGNED DEFAULT '0' COMMENT '排序',
  `status` tinyint(1) UNSIGNED DEFAULT '1' COMMENT '状态：0无效，1正在审核，2退稿，9通过',
  `islink` tinyint(1) UNSIGNED DEFAULT '0' COMMENT '是否外部链接，1=外部链接',
  `inputtime` datetime DEFAULT NULL COMMENT '发布时间',
  `iscomment` tinyint(1) DEFAULT '1' COMMENT '是否允许评论',
  `author` varchar(50) COLLATE utf8mb4_unicode_ci DEFAULT NULL COMMENT '作者',
  `copyfrom` varchar(255) COLLATE utf8mb4_unicode_ci DEFAULT NULL COMMENT '文章来源',
  `hits` int(11) DEFAULT '0' COMMENT '点击数',
  `isreco` tinyint(1) DEFAULT '0' COMMENT '是否推荐，1=推荐',
  `ishot` tinyint(1) DEFAULT '0' COMMENT '是否热点，1=热点',
  `istop` tinyint(1) DEFAULT '0' COMMENT '是否置顶，1=置顶'
) ENGINE=MyISAM DEFAULT CHARSET=utf8mb4 COLLATE=utf8mb4_unicode_ci;

--
-- 转存表中的数据 `dc_art_article`
--

INSERT INTO `dc_art_article` (`id`, `catid`, `title`, `content`, `style`, `thumb`, `keywords`, `description`, `tags`, `url`, `listorder`, `status`, `islink`, `inputtime`, `iscomment`, `author`, `copyfrom`, `hits`, `isreco`, `ishot`, `istop`) VALUES
(1, 15, '永远打不开的锁', '<p style=\\\"text-indent: 2em;\\\">（一）</p><p style=\\\"text-indent: 2em;\\\">我的家乡在一个贫穷的小山村，村子周围群山环绕，那些山峰险峻得就像一个个勇士一样屹立着，世世代代守护着在这里生活的淳朴善良的人们。整个村子只有一个入口，当真是“一夫当关，万夫莫开”。村口是一条深邃的山谷，一条小溪从谷底流出村外，把村口硬生生的分成了两半。</p><p style=\\\"text-indent: 2em;\\\">在狭窄的山谷两旁长着三棵大榕树，足有二十几米高，三树分立三个方向，枝杈相互环抱，围成了一把天然的三角形状的绿色巨伞。榕树粗大的树干上挂满一条条垂直入土的气根，远远看去，像老爷爷的长髯。在我很小的时候，我的奶奶就跟我说，这三棵榕树是仙人化成的，很有灵气，有人曾经听见过它们说话。因此，常有人来榕树下祈福，盘错交结的气根上系了很多许愿的红纸条，还挂满了许许多多大小不一的铁锁，大部分已经锈迹斑斑，只模模糊糊地看到上面刻有字，但字迹已经辨别不清了。</p><p style=\\\"text-indent: 2em;\\\">我们小时候经常在榕树下荡秋千，玩耍，嬉戏，这里成了我们孩子的天堂。</p><p style=\\\"text-indent: 0em; text-align: center;\\\"><img src=\\\"/uploads/image/20200722/1595413374777119.jpg\\\" width=\\\"\\\" height=\\\"\\\" title=\\\"\\\" alt=\\\"\\\"/><a></a></p><p style=\\\"text-indent: 2em;\\\">如今，我离开家乡已经很多年了。虽然外面的世界很浮华，但家乡的印象从未在我的记忆中模糊，很多过往的人和事依然在我脑海中盘旋，使我无法忘记，我也不敢忘记，因为这里是我从小长大的地方。这里的每一根草，每一片树叶，每一寸泥土，都装载着我的过去和回忆。</p><p style=\\\"text-indent: 2em;\\\">我还记得，在大榕树的附近，还有一个残败的破庙，屋瓦已经没有了，只有两道残垣断壁，影影绰绰地埋没在长长的茅草里。小时候，我曾好奇地问过村里最老的老爷爷，这个庙到底是谁在什么时候建立的？老爷爷摸着他花白的胡子，想了半天，最后摇了摇头说，已经很久远了，记不清了。</p><p style=\\\"text-indent: 2em;\\\">老爷爷说，在他很小的时候就听他爷爷说，这里原来是一座月老庙，曾经香火很旺盛，慕名而来的香客络绎不绝。而关于这座庙，还有一个故事，被一代一代地流传下来。</p><p style=\\\"text-indent: 2em;\\\"><br/></p><p style=\\\"text-indent: 2em;\\\">（二）</p><p style=\\\"text-indent: 2em;\\\">相传，在很久很久以前，村里住着一个贫穷的书生，此人忠厚老实，乐于助人，虽胸怀笔墨，可惜累考不第，连个秀才也没考上。他一气之下索性改名叫金名，希望自己有一天可以“金榜题名”，光耀门楣。村里人有个习惯，喜欢在名字前面加一个“阿”字称呼晚辈，于是大家都叫他阿金。</p><p style=\\\"text-indent: 2em;\\\">有一次，阿金去隔壁村替财主严老爷写对联。这个严老爷是远近闻名的大财主，连官家都得让他三分。阿金写完对联正要离去，无意间看见一位亭亭玉立的少女从闺房中走出。只见少女踩着莲步，款款有礼，一举一动透露出大家闺秀的风范。阿金正看得入迷，不知道被谁推了一下肩膀，顿悟过来，连忙给管家告声辞后便退出门来。</p><p style=\\\"text-indent: 2em;\\\">回家后，阿金便着了迷般，终日坐立不安，做梦都梦到那个少女。后来，他从财主的家奴口中得知，那美少女正是严老爷的三女儿，小名叫情儿。情儿自幼体弱多病，模样又长得十分俊俏，因此深得祖母怜爱，视若严家的掌上明珠。这一次偶遇之后，阿金便对情儿心生爱慕，朝思暮想，吃不下饭睡不着觉，脑子里全是情儿婀娜多姿的身影。他觉得世间女子皆平庸，惟有情儿如仙女一般，出水芙蓉，出类拔萃。</p><p style=\\\"text-indent: 2em;\\\">阿金也自知家中贫苦，配不上这位含着金钥匙出世的严家千金，于是越想心里越抑郁，终日以酒浇愁，但又心里不甘。</p><p style=\\\"text-indent: 2em;\\\">有一天晚上他喝了几口酒，借着酒气壮胆，终于鼓起勇气，给情儿写了一封信。他趁着深夜严家的家丁睡着了，悄悄爬上屋顶，掀开一瓦，将情书塞进三小姐的闺房中。</p><p style=\\\"text-indent: 2em;\\\">第二天一早，丫鬟替小姐收拾房屋，拾到了这封情书，左看右看也不认识字，不敢贸然当垃圾丢了，于是放在小姐书案上。情儿醒来，看了情书，心中大喜。原来这个三小姐虽然平日里不出家门半步，但是自幼受到良好的教育，腹中四书五经六艺样样精通。她在早前也读过阿金写的诗，觉得此人颇有才气，日后必定大有作为，心中暗生仰慕。</p><p style=\\\"text-indent: 2em;\\\">情儿欢喜之余，提笔疾书，很快回了一封信，吩咐丫鬟悄悄将书信捎给阿金。</p><p style=\\\"text-indent: 2em;\\\">自此之后，两人频频幽会。经过多日交心倾谈，两人终于相知相爱了。</p><p style=\\\"text-indent: 2em;\\\"><br/></p><p style=\\\"text-indent: 2em;\\\">（三）</p><p style=\\\"text-indent: 2em;\\\">光阴荏苒，一眨眼就过了两年。</p><p style=\\\"text-indent: 2em;\\\">也许是天公不作美吧，有一天，阿金和情儿私下幽会的事终于败露了。乡里传言，是三小姐的丫鬟告知了严老爷。严老爷得知后，气急败坏，领着十几个拖棍带棒的家丁找上门来。村里的人闻讯后纷纷跑来围观，但是没有一个敢上前劝阻——他们要么还欠着财主家的钱，要么就被严老爷欺负过，心里惧怕，没人敢惹。</p><p style=\\\"text-indent: 2em;\\\">瘦弱的阿金被财主家的家丁架起胳膊，当着全村老小的面，狠狠地抽打了一顿。</p><p style=\\\"text-indent: 2em;\\\">“你也配？！”临走的时候，财主严老爷威胁道，“你要是再胆敢勾引我女儿，就直接砍断你的狗腿，再砍断你的手，丢到山里喂野狼！”</p><p style=\\\"text-indent: 2em;\\\">财主走后，村里人就像突然想起还有活要干似的，都纷纷回家继续干自己的活去了，仿佛什么事都没发生过一样。不一会儿，大伙都散了。只留下阿金还躺在地上，全身微微颤抖，鲜血慢慢从他嘴角流下来。他顾不上穿上掉落在地上的草鞋，缓缓朝自己家门口爬去。好不容易爬上床，想把被子拉过来盖在身上，可能是用力过了头，脖子一歪就昏睡了过去。</p><p style=\\\"text-indent: 2em;\\\">阿金也不知道自己睡了多久，醒来的时候，他感到有人用热水轻轻擦拭他的额头。他笔直的双眉微微抖动，好不容易才将眼睛挤开一条缝。透过这条缝，他依稀看到老母亲正在用力拧洗着湿漉漉的毛布。老母亲低着头，眉头紧皱，一句话也没说，她现在的痛苦全写在脸上。阿金闭上眼睛，他不忍心再多看一下眼前这位与自己相依为命二十多年的老母亲，他一直觉得愧疚，觉得是自己没用，没能考取功名，没能尽孝，没能让她好好享福。</p><p style=\\\"text-indent: 2em;\\\">“你终于醒了？”老母亲给他递过来一大碗热气腾腾的汤药，叫他趁热喝下。这药还是她几费周折，苦苦哀求一个路过的江湖郎中乞来的。</p><p style=\\\"text-indent: 2em;\\\">喝完药，阿金觉得双腿剧痛，两眼金星直冒，又昏睡过去了。</p><p style=\\\"text-indent: 2em;\\\"><br/></p><p style=\\\"text-indent: 2em;\\\">（四）</p><p style=\\\"text-indent: 2em;\\\">阿金被财主打断腿的消息，很快就传遍了邻近的几个乡里。</p><p style=\\\"text-indent: 2em;\\\">大家都觉得阿金做事太过分了，有书不好好读，去勾引人家黄花闺女，活该被打！要不是严老爷心怀怜悯，打断的就不止他一条腿了，换作别人早就将他打死了。</p><p style=\\\"text-indent: 2em;\\\">那些平日里还算热络的亲戚，此时路过看到阿金的母亲，也远远地指指点点，嘴里不知道在说什么，还时不时地摇摇头。阿金的母亲也不理会，只低着头继续忙着自己的活。她似乎早已习惯了这一切。阿金的父亲早逝，这些年阿金又终日读书以考取功名，家里一切给用全靠她一个人撑着。</p><p style=\\\"text-indent: 2em;\\\">自从闹出这事以后，财主严老爷也觉脸面丢尽，便将其女儿深藏闺中，命令家丁严加看守，不得让她迈出闺房半步。后来，三小姐打听到阿金被家父打成重伤，也心生忧郁，茶饭不思，日渐消瘦，终日以泪洗脸。</p><p style=\\\"text-indent: 2em;\\\">其实，在三小姐刚出生的时候，严老爷便指腹为婚，将她许配给县老爷家的二少爷。严老爷寻思，眼下小姐已经年满十六，待字闺中，要是早日将她嫁出去也可少惹麻烦。这么一盘算，便与夫人商量让三小姐准备出嫁。可三小姐心里早已有了如意郎君，哪里听得进去，死活不依。</p><p style=\\\"text-indent: 2em;\\\">严老爷心里一横，也不管她答应不答应，索性直接派人到县老爷家通气，反正历朝历代以来，婚姻大事皆按父母之命媒妁之言。县老爷早已听人说过严家三小姐不但人长得漂亮，且知书达礼，盼着这门亲事许久了，自然满口答应，不日将来提亲。</p><p style=\\\"text-indent: 2em;\\\">眼看着婚期一天天逼近，三小姐心中焦急，但也无计可施。</p><p style=\\\"text-indent: 2em;\\\">有一天深夜，她睡不着，正坐在案前梳妆。发怔之际，突然听到屋顶嚓嚓作响，她大吃一惊，莫非是贼？正要大声喊叫，但随即借着皎洁的月光，她看到一张熟悉的脸孔。是阿金！小姐惊喜得差点喊出声来，阿金连忙示意她别说话。只见阿金顺着绑在屋梁上的绳索一溜烟滑下来。</p><p style=\\\"text-indent: 2em;\\\">两人相拥而立，紧紧抱在一起。</p><p style=\\\"text-indent: 2em;\\\">三小姐终于见到了日思慕想的心上人，眼角泛起泪花，心里的悲伤与喜悦同时绵绵不绝地袭来。</p><p style=\\\"text-indent: 2em;\\\">“别哭了。”阿金轻轻擦拭着三小姐眼角的泪水。“我答应你，我们以后再也不分开了。”</p><p style=\\\"text-indent: 2em;\\\">三小姐摇了摇头，泪眼婆娑地望着阿金，说：“你斗不过我爹的，我不想害了你。我明天就要嫁人了，你走吧。我们今生有缘无分，希望来世再与你做夫妻……你还是忘了我吧！”</p><p style=\\\"text-indent: 2em;\\\">说完，一把将阿金推开，兀自抱着枕头痛哭。</p><p style=\\\"text-indent: 2em;\\\">阿金忙走过去扶起三小姐，目光坚定地说：“我不要来世，我只要今生与你在一起。你愿意跟我走吗？”</p><p style=\\\"text-indent: 2em;\\\">三小姐听罢身子略略一震，她知道阿金的意思。可她毕竟生于富贵人家，虽然生性倔强，但是自小衣来伸手饭来张口，不但不会干粗活，就连简单的生活起居都要奴婢服侍，现在贸然跟阿金私奔，往后的日子必然过得十分清苦，并且还会拖累了阿金的前程。</p><p style=\\\"text-indent: 2em;\\\">阿金看她脸露迟疑，也猜到了她心中的想法。安慰她道：“不会有事的，余生我来照顾你。你相信我吗？”</p><p style=\\\"text-indent: 2em;\\\">三小姐没想到阿金平时看起来羸羸弱弱，此时眼神里流露出来的意志却如此坚定，心中有些担忧顾虑之余，又有些惊喜。她轻轻点了点头，眼里又泛起泪水来。这一次，她的泪水是甜的。</p><p style=\\\"text-indent: 2em;\\\">阿金先顺着绳索爬上屋顶，又将三小姐拉上来，两人便攀过围墙，往阿金家的村口方向走去。阿金早已事先将行李藏在村口的草丛里。</p><p style=\\\"text-indent: 2em;\\\">他们正疾步奔跑中，突然听到后方传来嘈杂声，一大片火光闪动，人影簇拥。</p><p style=\\\"text-indent: 2em;\\\">“糟了，我爹追来了！”三小姐小声对阿金说。“怎么办？”</p><p style=\\\"text-indent: 2em;\\\">“跟我来，我们先躲起来。”阿金拉着三小姐的手，加紧了脚步。他俩终于跑到村口，在藏行李的草堆旁趴了下来。阿金拿来大捆茅草往三小姐和自己身上堆。</p><p style=\\\"text-indent: 2em;\\\">严老爷领着一大群人马追来，看他气势汹涌的样子，恨不得立马抓住他们。严老爷家养有一条猎狗，原来他们凭借着猎狗灵敏的嗅觉，一路追到了村口。但是，聪明的阿金早已料到了这招，他将干石灰、辣椒粉和胡椒粉搅拌在一起，制成一种很重的刺激性的粉末。事先在村口周围大量撒放，猎狗嗅到了这种刺激性的粉末，呛得旺旺直叫，鼻子失去了知觉。失去了方向的猎狗带着众人在村口周围转来转去。</p><p style=\\\"text-indent: 2em;\\\">严老爷一时无计可施，大怒，跟管家说：“吩咐下去，谁先抓住阿金，不管是生是死，一律重赏黄金百两！”村民闻讯有奖赏，也纷纷赶来加入搜索的队伍。要知道，一百两黄金是大部分村民干一辈子都赚不回来的。</p><p style=\\\"text-indent: 2em;\\\">霎时间，村子周围呐喊声一阵接一阵，火光冲天，如白昼一样。</p><p style=\\\"text-indent: 2em;\\\">阿金他们这下插翅也难飞了。很快就有村民在草堆里发现了他们，大伙一拥而上，争相逮着阿金去领奖。家丁与村民在抢夺阿金的过程中，发生了争执，后来甚至引起了骚乱，有人索性抽出大刀往阿金身上乱砍。就这样，可怜的阿金被活活剁成了几块，分在几个不同的村民手里。每个人都说是自己先找到阿金的，管家无奈最后按尸块大小给他们分了钱。三小姐眼见心上人被杀，奋力挣脱家丁的束缚，扑在七零八落的阿金身上大声哭泣，哭声响彻整个山谷，久久回荡。</p><p style=\\\"text-indent: 2em;\\\">“君既已逝，妾何愿独活于世？”</p><p style=\\\"text-indent: 2em;\\\">三小姐捡起地上一把大刀往脖子上一抹，便往阿金身上倒了下去，鲜红的血液从她的脖子里流出，与阿金的血液交融在一起。</p><p style=\\\"text-indent: 2em;\\\">严老爷看着爱女死去，心中悲切与愤懑，他吩咐下去，将阿金碎尸万段。家奴应一声喏，正要对阿金的尸体动手，就在这时候，天空突然响起了轰隆隆的雷声，闪电如白昼般照亮大地。刹那间，阴风阵阵，地动山摇，村民们站立不稳，抱头鼠窜，纷纷滚落山谷。</p><p style=\\\"text-indent: 2em;\\\">半个时辰过后，天地渐渐恢复了平静。人们惊讶地发现，阿金和三小姐的尸首不见了，在他们原先死去的地方，出现了一块形如巨锁的石头，上面刻着两个字：“金情”。</p><p style=\\\"text-indent: 2em;\\\">后世人认为，“金情”二字正是阿金和情儿的名字，是他们的爱情感动了天上的月老，将他们变成了一把石锁，让他们生生世世锁在一起，永远不分离。</p><p style=\\\"text-indent: 2em;\\\">金情石锁，情比金坚。</p><p style=\\\"text-indent: 2em;\\\">后来，有个路过的商贾从当地人口中听了这个故事，深受感动，为了纪念他们至死不渝的爱情，出资在附近建了一座庙。再后来，当地老百姓传言，有人在夜间听到三棵榕树对话，说他们是月老派下凡间镇守“金情石”的三个天神。众人以为神仙显灵，因此改庙为月老庙。远近的老百姓闻讯后，不惜辛苦纷纷赶来祭拜，庙里香火一时极盛。</p><p style=\\\"text-indent: 2em;\\\">以后各朝各代，每逢月老诞辰的时候，很多青年男女一起来庙旁的大榕树挂上同心锁，并将自己与心爱之人的名字刻在锁上，祈求月老守护他们的爱情天长地久，永结同心。</p><p style=\\\"text-indent: 0em; text-align: center;\\\"><img src=\\\"/uploads/image/20200727/1595832698311142.jpg\\\"/><a></a></p><p style=\\\"text-indent: 2em;\\\">可惜的是，后来战乱纷纷，一场大火将庙烧毁了。而那块刻有“金情”二字的石锁也失去了踪迹，有人说是被严财主家的后人盗挖了“葬”在别处，也有人说是当地乡亲父老怜悯二人，不忍看住他们年复一年、日复一日地遭受雨淋日晒，遂就近挖了个坑埋起来。</p><p style=\\\"text-indent: 2em;\\\">但不管怎样，他们终归算是“入土为安”了吧。</p><p style=\\\"text-indent: 2em;\\\"><br/></p><p style=\\\"text-indent: 2em;\\\">（五）</p><p style=\\\"text-indent: 2em;\\\">站在四处荒芜的乱草中，每次看着这个破庙留下的残垣断壁，我心里不免唏嘘。我始终觉得，这不只是一座破庙，也不只是一个残败的废墟，而是一种象征，一种符号，更是一种对爱情的信念。它可能随着岁月流逝，有朝一日完全归为尘土，但它却早已留在我们心中，永远也不会湮灭。</p><p style=\\\"text-indent: 2em;\\\">我相信爱情是人类的永恒。</p><p style=\\\"text-indent: 2em;\\\">快结婚的时候，我把这里发生的所有故事告诉了我的未婚妻——玉婷。她饶有兴致地听着，故事讲到最后，她双眼已经湿润了，鼻子一吸一吸的。她将头轻轻依偎在我肩膀上，说她可以感受到当年严家三小姐那份真情。爱一个人却不能在一起，那是世间最大的痛苦。</p><p style=\\\"text-indent: 2em;\\\">玉婷恳求我带她回我老家看看，她说，我们结婚之前，一定要回去一趟。她想亲身在那三棵大榕树下走一走，亲手摸一摸那座只有两道残墙的破庙，当然了，她更想亲眼看一看那块永远也打不开的金情石锁——如果可以找到的话。</p><p style=\\\"text-indent: 2em;\\\">我答应了。她是我在这个世界上最心爱、最重要的人，她的这一小小要求，我有什么理由拒绝呢？况且，我也很久没有回过家乡了。</p><p style=\\\"text-indent: 2em;\\\">趁着放长假，我们坐上动车跨越了1000多公里的距离，终于到了县城。从县城到我那藏在深山里的老家，有60多公里路程。因为山路崎岖难行，每天只有两班的小巴车承载着我们镇与县城之间的连接。</p><p style=\\\"text-indent: 2em;\\\">当小巴车穿行在羊肠般的山道上时，开得很慢，一路上颠颠簸簸个不停。玉婷晕车，一路呕吐不止。她的脸看上去没有一丝血气，像一张没写过字的白纸。我知道她很难受，疼惜地对她说道：“要不然我们暂时不回去了吧，在县城住几天就好了。县城离我们镇也不远了，也算是回过老家一趟了。”</p><p style=\\\"text-indent: 2em;\\\">玉婷咬紧牙，双唇发白，可嘴里依然倔强地说道：“我不，我一定要去看看。”她的语气无力却又十分坚决。</p><p style=\\\"text-indent: 2em;\\\">五个小时后，只听得前头的司机用乡音高声喊道：“到了，下车，下车！”他身后几排无精打采的乘客开始从昏睡中骚动起来。我摇了摇玉婷，她微微张开双眼：“到了？”</p><p style=\\\"text-indent: 2em;\\\">“嗯。”我一边挎着行李，一边扶她起身。刚一下车，玉婷就像完全活过来了，她微笑着说，这里的空气很清新。</p><p style=\\\"text-indent: 2em;\\\">我点点头，是的，这里很贫穷，但也很原始且充满生机，保留着许多城市早已失去的东西。</p><p style=\\\"text-indent: 2em;\\\">我们没有在小镇上停留。</p><p style=\\\"text-indent: 2em;\\\">当玉婷第一眼看到三棵榕树的时候，像个小孩子一样兴奋地蹦跳起来。我很久没有见过她这么高兴了。她绕着榕树转了一圈，两只水汪汪的眼珠盯着我看。我知道她接下来会有什么话想跟我说了，于是冲她微微一笑：“说吧。”</p><p style=\\\"text-indent: 2em;\\\">“你知道了？”玉婷略显惊讶。</p><p style=\\\"text-indent: 2em;\\\">“当然，”我拍了拍衣领上的落叶，假装胸有成竹地说，“来这里的男生和女生，目的都只有一个。”</p><p style=\\\"text-indent: 2em;\\\">玉婷噗呲一笑：“还是你懂我。”</p><p style=\\\"text-indent: 2em;\\\">我们到小镇上找锁匠，买了两把心形锁头，锁匠替我们将各自的名字刻上去。临走的时候，玉婷还买了一个小铁盒。</p><p style=\\\"text-indent: 2em;\\\">玉婷说，我们各自写一个愿望放在铁盒里。“谁也不许偷看，偷看就不灵验了。”</p><p style=\\\"text-indent: 2em;\\\">我们走到榕树底下，老榕树根如盘龙，皮若裂岩，那枝干上生出的一条条气根，有些笔直深入泥土里，有些错综纠结，缠绕在一起。根须上已经结满了大大小小的同心锁，我知道，那是多年以来千千万万对情侣留下的美好祝愿。我和玉婷小心翼翼地将各自的小锁头、连同那个小铁箱交叉锁在一起。玉婷看着这两把心形的铁锁相互扣在一起，心满意足地笑了。我们的小铁锁微微闪着新鲜的油亮的光芒，在众多的生锈的铁锁中显得那么耀眼夺目。这闪闪的光芒，正是我和玉婷之间的爱情与誓言。</p><p style=\\\"text-indent: 2em;\\\">我将玉婷紧紧拥在怀里。我们四目对视，相视而笑。</p><p style=\\\"text-indent: 2em;\\\">我对玉婷说：“我们的心已经永远锁在一起了，我们以后永远都不会分离。”</p><p style=\\\"text-indent: 2em;\\\">玉婷点了点头，用左手抚平我胸口的衣服，在上面轻轻地画着。我闭上眼睛，我能感受到，她画的是一个爱心。</p><p style=\\\"text-indent: 2em;\\\">此刻，我是这个世界上最幸福的男人。</p><p style=\\\"text-indent: 2em;\\\"><br/></p><p style=\\\"text-indent: 2em;\\\">（六）</p><p style=\\\"text-indent: 2em;\\\">几年以后，当我回想起眼前这一幕时，我依然眼泪盈襟。我想，我当时是多么的幸福啊！</p><p style=\\\"text-indent: 2em;\\\">那天，我们在老榕树的见证下，把彼此的心锁在一起。</p><p style=\\\"text-indent: 2em;\\\">一个月后，我们结婚了。</p><p style=\\\"text-indent: 2em;\\\">后来过了十个月，我们迎来了爱情的结晶——我们的儿子顺利出生了。小家伙的降生，给我们的生活带来了无数的喜悦，也带来了不少的烦恼。托尔斯泰说过，幸福的家庭都是相似的，不幸的家庭各有各的不幸。我想，我们一开始也是幸福的，结婚的时候，我们对未来生活的蓝图充满信心。可惜的是，结婚几年后，琐碎的生活已将我们当初的爱情磨灭得干干净净了。</p><p style=\\\"text-indent: 2em;\\\">我们的生活并不富裕。为了维持这个家，为了孩子的未来，为了我们过得幸福，我每天穿梭在繁忙的城市里，东奔西跑，即使受了委屈，遭了白眼，碰到拒绝，也义无反顾，勇往直前。也许是我对工作太过于执著，所以才渐渐忽略了她，对她的感受视若无睹。</p><p style=\\\"text-indent: 2em;\\\">刚开始，我们只是吵吵架，后来打起了冷战，一个星期不说话，半个月不说话，到后来甚至几个月都不说话。更可怕的是，我们都似乎习惯了这种貌合神离的状态。</p><p style=\\\"text-indent: 2em;\\\">我对她郁郁寡言，她对我不再依赖。</p><p style=\\\"text-indent: 2em;\\\">我知道这样下去我们的结局只有一个。其实，我心里满是委屈，却无处诉说。我付出不少，为什么她不理解我呢？我为了这个家庭努力拼搏，我不要回报，但是我需要妻子的认可和理解，而不是无休无止的埋怨与责备，这很过分吗？</p><p style=\\\"text-indent: 2em;\\\">有过好几次，我回到家看到她冷冰冰的脸孔，就想大发雷霆，但她一句话也不说，我只好忍住了不发作。</p><p style=\\\"text-indent: 2em;\\\">但有一次，我终于忍不住了。</p><p style=\\\"text-indent: 2em;\\\">那晚下班回家，我陪儿子玩玩具，儿子像突然想起了什么，一脸不解地问：“爸爸，妈妈为什么在房间里哭了一整天？”我心里扑通扑通地跳，脑子里闪过一丝不祥的预感。我安慰了一下儿子，便轻轻推开房门。里面空无一人。衣服散散乱乱的摆满一床。</p><p style=\\\"text-indent: 2em;\\\">我给她打电话。关机。</p><p style=\\\"text-indent: 2em;\\\">给她闺蜜打电话，对方说好几天没和她通过电话了。</p><p style=\\\"text-indent: 2em;\\\">眼前的一地狼藉，再结合“哭了一整天”，心里一下子慌了：糟了，玉婷不会做什么傻事了吧？想到这里，我的心跳得更厉害了。我承认，我还爱着她。虽然平时假装对她不在乎，但那其实是在斗气，要不然此刻我便不会如此紧张。我翻开通讯录，电话打了一个又一个，几乎她认识的人我都问过了，没有一个人知道她去了哪里。</p><p style=\\\"text-indent: 2em;\\\">后来，我登陆她各种网络账号（她的密码还是我的生日没改），想从中寻找一些蛛丝马迹。当我翻开她的支付记录时，发现她预订了一家餐馆，时间正是今天晚上！我心里打了一个问号，她订了餐位，约谁？</p><p style=\\\"text-indent: 2em;\\\">于是，另一种不好的预感开始涌上心头，这种预感在疑虑得不到合理解释的情况下逐渐占了上风。我现在的心情像坐过山车一样，刚才对她的各种担忧已经荡然无存，代而取之的是一触即发的愤怒。我匆匆做了饭菜，然后跟儿子说：“你先自己吃饭，爸爸出去一会就回来。”</p><p style=\\\"text-indent: 2em;\\\">我很容易就找到了那家餐馆。快到餐馆的时候，我停住了脚步，心里很想走进去，但是双脚偏偏不听使唤。此刻，我真的希望她不在里面，真的希望是我生性多疑乱猜测，真的希望什么都没有发生。</p><p style=\\\"text-indent: 2em;\\\">正在我内心激烈挣扎的时候，餐馆的门突然从里面推开了。最先走出来的是一名年轻的男子。男子穿着时髦的名牌服饰，头发梳洗得整齐有型，浑身散发出一股独有的气质，让人一眼就能看得出来是个有钱人。男子出来后并没有走开，而是快速转身拉住了门，很绅士地做了个手势，这时从里面走出来一名年轻漂亮的女子。等女子完全走出来后，男子才轻轻的、动作娴熟地关上门……当我看清这名女子的容貌时，我脑子瞬间爆炸了，嗡嗡作响，时间与空间仿佛都被瞬间凝固了，周围的一切物体已消失得无影无踪。</p><p style=\\\"text-indent: 2em;\\\">没错，那女子不是别人，正是我的妻子，玉婷……</p><p style=\\\"text-indent: 2em;\\\">我挥起拳头朝着男子的脸就是重重的一拳。这一拳，凝聚了我满腔的愤怒。男子一个趔趄，险些摔倒在地，一条红色的血流从鼻子里喷出，染红了他整个胸部。“打死他！”我脑子一片混乱，双手握起拳头拼命朝前方挥舞出去，也不管打得着还是打不着。此刻，怒气填满了我的脑袋，吞噬了我的灵魂。</p><p style=\\\"text-indent: 2em;\\\">玉婷慌忙上前拦住我，并示意那男子快走。餐馆的保安这时也出来拦住我，我的泪水迷糊了双眼，加上心烦意乱，误将保安当做那男子，跟他扭打在一起。后面又跑出来几名保安，才将我的胳膊反手拧着，压在地上。</p><p style=\\\"text-indent: 2em;\\\">“玉婷，你……好！”我气炸了，想说些“出轨”“勾搭男人”之类的词，但是一时竟说不出口。</p><p style=\\\"text-indent: 2em;\\\">“我没有，他只是我一个大学的同学，刚从国外回来……”没等我把话说完整，玉婷就抢先解释。</p><p style=\\\"text-indent: 2em;\\\">“没有？你偷偷出来跟这个男人约会，如果是光明正大的，为什么不提前跟我说？”我喘着粗气，越说心头越气，“你这身衣服以前没穿过，是新买的吧？……很好看嘛！看来，为了这次约会，你花了不少功夫精心准备嘛！你还说你们没有关系？”</p><p style=\\\"text-indent: 2em;\\\">“你现在是吃醋了吗？”玉婷冷冷地笑道，“好难得哦！你不是不在乎我的吗？每天回家吃完饭拿起手机就往床上一躺……你有关心我吗？”</p><p style=\\\"text-indent: 2em;\\\">说着说着，玉婷开始抽噎起来，双颊淌满泪水。</p><p style=\\\"text-indent: 2em;\\\">“你自己的女人你不去疼，别人来疼了，你倒是吃醋了？……”玉婷接着说道。</p><p style=\\\"text-indent: 2em;\\\">看到她哭泣，我内心虽有愧疚，但嘴巴上死活不服软。因为在这件事上，有过错的人不是我，是她。</p><p style=\\\"text-indent: 2em;\\\">“现在承认他疼你了吧？”我说道，“为什么……为什么要这样对我？！“</p><p style=\\\"text-indent: 2em;\\\">我仰面望天，眼泪情不自禁地涌出来，”我难道对你还不够好吗？我每天早出晚归为的是什么？还不是为了我们这个家！”</p><p style=\\\"text-indent: 2em;\\\">“你对我好？”玉婷反问道，“那我心里在想什么，你知道吗？我们在一起已经六年了，我最需要的是什么，你有尝试过去了解吗？”</p><p style=\\\"text-indent: 2em;\\\">“不，你才不会去了解，你心里只有你自己……”玉婷一边哭，一边似自言自语的说道。</p><p style=\\\"text-indent: 2em;\\\">“好，你说的都对！我不跟你吵！”看到围观的吃瓜群众越来越多，我心想，“家丑不可外扬”，换个阵地再说。于是我理了理刚才扭打时被撕破的衣服，便头也不回地走了。</p><p style=\\\"text-indent: 2em;\\\">那一晚，玉婷直到凌晨三点才回来。</p><p style=\\\"text-indent: 2em;\\\">她开门进来的时候，我正坐在大厅的沙发上抽烟和发呆。她冷冷地从我身旁走过去，我看到她的双眼又红又肿，像是被火烧过一样。我知道，她每次痛哭过后，都会这样。</p><p style=\\\"text-indent: 2em;\\\">此刻，我心已如死灰。即使明知道她伤心哭泣，我也无法再对她产生半分怜爱了。</p><p style=\\\"text-indent: 2em;\\\">这一次，她触到了我的底线。</p><p style=\\\"text-indent: 2em;\\\">我们之间已经走到尽头，彻底完了。</p><p style=\\\"text-indent: 2em;\\\"><br/></p><p style=\\\"text-indent: 2em;\\\">（七）</p><p style=\\\"text-indent: 2em;\\\">离婚是我先提出来的。</p><p style=\\\"text-indent: 2em;\\\">玉婷答应了。</p><p style=\\\"text-indent: 2em;\\\">她答应的时候，很平静，没说一句话就回房间里去了。到了这时候，也没什么话好说的了。一别两宽，各生欢喜，这也许就是最好的解脱方式了吧。离婚对于她来说或许还是个好事呢，反正这个世界上她还有另一个男人对她很好，不是吗？虽然我现在心里依然很爱她，可是她心里已经有了别人，就算我再心痛我也得熬着。</p><p style=\\\"text-indent: 2em;\\\">就当这是人生的必经之路吧。</p><p style=\\\"text-indent: 2em;\\\">第二天，我拿出草拟的离婚协议放在桌上，叫她看看有什么需要修改和补充的。</p><p style=\\\"text-indent: 2em;\\\">玉婷看了一眼离婚协议，没有去翻开它。她表情依然很平静，说：“不用看了，你要怎样就怎样吧。我只有一个要求，把锁在榕树下的心锁打开还给我。”</p><p style=\\\"text-indent: 2em;\\\">她的要求出乎我的意料之外，我愣了一下，但还是答应了。</p><p style=\\\"text-indent: 2em;\\\">当我再次回到榕树下的时候，已经是傍晚了。夕阳西下，落日斜照在大地上，发出一道道金光，树木、村庄、稻田像是被染上了一层金黄色的外衣。天空宛如一张画纸，而落日就是画笔，它肆意挥洒着自己的才华，把一朵朵五颜六色的云霞画在天上。云霞一会儿淡黄色，一会儿艳红色，一会儿又变成了紫蓝色，变幻莫测。</p><p style=\\\"text-indent: 2em;\\\">我抬头望着天空，景色是这么美丽啊！纵然有这般美景，却无法化解我心中的惆怅。“夕阳无限好，只是尽黄昏。”“夕阳西下，断肠人在天涯。”我想，写出这些诗句的古人应该也跟我现在一样的心情吧？落寞，无助，对一切漠不关心。我想，我现在还剩下什么呢？徒有悲伤罢了。</p><p style=\\\"text-indent: 2em;\\\">我和玉婷曾经吵架无数次，也有好几次她主动提出离婚，但是我没有答应。我一直觉得，只要我心里还有她，还爱着她，就还有和好如初的希望。但这一次，是我主动提出来的。离婚对很多人来说是一种解脱，但对我来说，就是一种苦难，而离婚的过程，就像是被人推进炼狱般折磨。我内心深处一直藏有一种怨、一种恨，却无处发泄。直到此刻，我始终认为我没有错，错的是玉婷，她为什么就不能体谅一下我的苦衷呢？她为什么要在外面勾搭别的男人呢？她为什么要这样对我？……太多的为什么了。我承认我有缺点，我是个工作狂，我没有顾虑她的感受，这些我都承认，可是，金无足赤人无完人。我是男人的同时也仅仅是一个凡人，也不可能面面俱到。婚姻是两个人一起生活，更需要双方睁一只眼闭一只眼；真正的幸福，不是互相凝视对方，用放大镜去发现对方的缺点，而是一起寻找一个目标，然后互相凝视那个目标，手挽着手，共同前行。</p><p style=\\\"text-indent: 2em;\\\">夕阳的余光刺痛了我双眼，我讨厌现在的一切。我拖着十万斤的脚步，缓缓向老榕树下走去。几年时间过去，挂在老榕树上的锁又增加了许多，但我还是一眼就找了我们那两把心形铁锁和小匣子。经过这些年的风吹雨淋，当初凝结着我们纯洁爱情的铁锁已经变得锈迹斑斑了。锁眼被铁锈侵蚀得很严重，无法旋转，但即使可以旋转，我也没有钥匙。当初我和玉婷锁上以后就将钥匙扔进深谷里了。</p><p style=\\\"text-indent: 2em;\\\">那么，这个铁锁永远无法打开了吗？不，不会的。在这个世界上，没有什么东西能够阻挡有心要打开它的人，而这个人早已下了很大的决心。</p><p style=\\\"text-indent: 2em;\\\">我找来一块尖石，往铁锁上使劲砸去。不一会儿，咔的一声，锁扣就松开了。那只小小的铁匣子也顺着榕树粗大的根须滑下来，摔在地上，自己掀开了。马上从小匣子里露出两张折成心形的小红纸来。我想起来了，那是我和玉婷当初许下的心愿。玉婷当时说过不许我偷看，偷看了就不灵验了。我想，反正现在也离婚了，不灵验就不灵验吧。于是我轻轻翻开那张写着玉婷心愿的小红纸条，只见上面写道：</p><p style=\\\"text-indent: 2em;\\\">“亲爱的，我真心希望你永远不要看到这些文字，当你看到它时，表示你已经打开了我们的心锁，你已经下定决心要离开我了。我知道，我们已经无法再在一起了。和你恋爱的这段日子，你无微不至的关心，你体贴入微的呵护，还有我们之间的相知、相爱，你给我的一切的一切，都让我深深陷进了你给我创造的世界里，无法自拔。我发现我已经离不开你了。我无法面对没有你的世界。我的心很小，里面有了你以后，就再也容不下别的男人了。我想，如果有一天你决定要离开我，我也一定活不下去了。因为，我的心早已被你牢牢锁住了，而那把锁，没有钥匙。”</p><p style=\\\"text-indent: 2em;\\\">看完这张小纸条，我的心五味杂陈。当初，她是那么爱我，我也那么爱她。如今，一切都完了。眼泪再次湿润了我脸颊。我将纸条捏在手中，读了一遍又一遍。我不知道是自己变傻了理解不了这段文字，还是为了不断重温我们当初那份真挚的感情。</p><p style=\\\"text-indent: 2em;\\\">突然我的视线停在一行字上面：“我也一定活不下去了！”什么？我心里咯噔一下，她不会做傻事吧？这么想着，我的手开始不自觉颤抖起来。其实，每次跟她吵架后，只要看到房间里空空的，我心里就会感到莫名的不安。也许是我习惯了有她的生活，也许是我太爱她，没有她在身边就觉得浑身不舒服。玉婷温柔多情，她冲我撒娇的时候，小鸟依人，能把我所有的烦恼融化了，但有时也很倔强，说到的事情就一定会做到。</p><p style=\\\"text-indent: 2em;\\\">“我也一定活不下去了！”</p><p style=\\\"text-indent: 2em;\\\">这句话一直盘旋在我脑里，挥之不去，影响了我的思绪和判断。我现在只有一个想法：马上回家找她！</p><p style=\\\"text-indent: 2em;\\\"><br/></p><p style=\\\"text-indent: 2em;\\\">（八）</p><p style=\\\"text-indent: 2em;\\\">在回程的高铁车厢里，人声嘈杂，不时有人端着泡面或水杯从我身边走过来又走过去。人影在我眼前晃动。</p><p style=\\\"text-indent: 2em;\\\">我坐在椅子上一动不动，目光呆滞，但内心却如翻江倒海、波涛汹涌。玉婷漂亮的脸孔，还有她对我说过的每一句暖心的情话，一次又一次地出现在我的脑子里。</p><p style=\\\"text-indent: 2em;\\\">我想起那一晚，她半夜突然哭泣起来，我关切地问怎么了，她则紧紧搂着我，说：我很爱很爱你，我不要失去你。我知道她做恶梦了。我跟她说，我也很爱很爱你，我不会离开你，我会用我一辈子的时间去守护你。还有一次，她梦到坏人，吓得坐起来大哭。我紧紧将她搂在怀里：“不怕不怕，我会保护你。只要有我在，这个世界上没有人能够伤害你。”</p><p style=\\\"text-indent: 2em;\\\">是啊！我曾经多么爱她，也多么想保护她，她皱一下眉，掉一滴眼泪，都能让我觉得无比心疼。可如今呢？繁琐的工作，家庭的重担，生活的压力，一次又一次地消磨我的初心，蒙蔽了我的情感。我想，也许是我一次次的让她失望，一次次的冷落她，她才变得如今这般对我冷漠吧。回想起来，她当初嫁给我的时候，我没有房子，也没有车，工作一塌糊涂，想啥缺啥，什么都没有。我只不过是一个从农村来到城里漂泊的默默无闻的小子。而她呢，条件比我好，人长得漂亮，有学历又有气质，当时很多帅哥疯狂追求她，但她偏偏只看上我，愿意跟着我吃苦头。现在，我的事业有了新的发展，不也有她源源不断地付出的功劳吗？我知道她平时虽然嘴巴上埋怨我，可是行动上却支持我……</p><p style=\\\"text-indent: 2em;\\\">泪水无声地滑过我的脸，一滴一滴的落在我衣襟上。</p><p style=\\\"text-indent: 2em;\\\">“叔叔，擦擦。”我被一个稚嫩的声音打断了思绪，坐在旁边的一个小女孩递给我一片纸巾。我说谢谢，接在手上。</p><p style=\\\"text-indent: 2em;\\\">我已经不知不觉的稀里哗啦哭了很久。我一直觉得自己很坚强，在客户面前谈笑风生，在老板面前应对自如，在压力面前从不低头，却不知道自己原来也如此不堪一击，哭得像个迷路的小孩。</p><p style=\\\"text-indent: 2em;\\\">我回到家的时候，已经是子夜了。</p><p style=\\\"text-indent: 2em;\\\">屋子里漆黑黑的一片。玉婷没有早睡的习惯。我的心砰砰乱跳。我匆匆跑进我们的睡房——没有人。跑去书房——没人。跑去阳台——也没有人。跑去客房，打开灯，看到我妈揉了揉惺忪的睡眼，儿子则躺在她旁边，微微张开可爱的小嘴，呼呼大睡。</p><p style=\\\"text-indent: 2em;\\\">我妈问：“怎么了？”</p><p style=\\\"text-indent: 2em;\\\">我问道：“你看到玉婷了吗？”</p><p style=\\\"text-indent: 2em;\\\">“没有，”我妈说，“玉婷中午打电话给我，说她有事出去几天，让我过来照看孩子。”</p><p style=\\\"text-indent: 2em;\\\">看到我一脸惊慌，我妈接着问，“玉婷没有跟你说吗？”</p><p style=\\\"text-indent: 2em;\\\">我不想让妈担心，就说：“我知道了，她刚刚微信里跟我说了。”</p><p style=\\\"text-indent: 2em;\\\">那一整晚，我都没有睡觉。</p><p style=\\\"text-indent: 2em;\\\">跟上次一样，我给所有她认识或者可能认识的人打了电话。但是，没有人知道她去了哪里。</p><p style=\\\"text-indent: 2em;\\\">后来，我在睡房的梳妆台上看到了她留给我的一封信。</p><p style=\\\"text-indent: 2em;\\\">“老公，你终究还是去了。你跟我说离婚的时候，眼神是那么决绝，我知道我已经拦不住你了。我很伤心。我没有和那个男人约会，他真的只是我大学同学。是的，他很喜欢我。他说他从大一的时候就开始暗恋我，但是我对他没有感觉，跟他吃饭只是想激激你，让你多疼爱我一些。老公，我真的很爱很爱你。我让你把锁带回来给我，就是希望你能想起当初在老榕树下对我许过的誓言。你说过，你永远不会离开我，我们永远不会分离。可是，你现在全忘了。我知道，老榕树上的锁可以打开，但是你给我的心上的那把锁，永远也打不开了。我等了你整整一天，盼了你整整一天，我只想要你一个电话，告诉我你还爱我。现在天也黑了。我很伤心，我的世界已经整个崩塌了。老公，我爱你。来生再见。”</p><p style=\\\"text-indent: 2em;\\\">看完信，我顾不上思索，连忙拨通了她的手机，床头马上响起了熟悉的铃声。她没带手机。我摸了摸她睡过的枕头，是湿的。我开始恨我自己，为什么当时不给她打电话，为什么不告诉她我有多爱她。</p><p style=\\\"text-indent: 2em;\\\">命运就像一个调皮的孩子，常常喜欢捉弄人。</p><p style=\\\"text-indent: 2em;\\\">……</p><p style=\\\"text-indent: 2em;\\\">那艘渔船发现玉婷的时候，她已经离开这个世界三天了。</p><p style=\\\"text-indent: 2em;\\\">那晚，阳台的风很大。手里燃尽的香烟一截接一截往下掉，随后被风吹散，消失得无影无踪。我将燃着的烟头放在手心里，任由它肆意烧灼我的皮肉。我感觉不到任何疼痛，我现在已经是一个活着的死人。</p><p style=\\\"text-indent: 2em;\\\">从现在开始，我的心被上了一把沉重的锁。而唯一能打开这把锁的钥匙，已经离开这个世界了。</p>', '', '/uploads/image/20200722/1595413374777119.jpg', '', '为Ta，也许每个人心里都有一把永远打不开的锁。这是一个悲伤的故事。我的家乡在一个贫穷的小山村，村子周围群山环绕，那些山峰险峻得就像一个个勇士一样屹立着，世世代代守护着在这里生活的淳朴善良的人们。', '', '', 0, 9, 0, '2019-10-09 22:47:42', 1, '邓草', '', 350, 1, 0, 1),
(2, 8, 'caozha-admin（PHP网站后台管理框架）', '<p>caozha-admin是一个通用的PHP网站后台管理框架，基于开源的ThinkPHP开发，特点：易上手，零门槛，界面清爽极简，极便于二次开发。</p><h2>基础功能</h2><p>1、系统设置</p><p>2、管理员管理</p><p>3、权限组管理</p><p>4、系统日志</p><p>5、后台功能地图</p><p>6、整合了百度UEditor等各种常用插件，可去演示页面查看调用。</p><p>7、无限级别分类</p><p>8、文章管理系统</p><p>9、用户（会员）管理系统</p><p>10、评论系统（支持盖楼评论，支持设置屏蔽词、验证码、是否需审核等，可整合到任何场景。可以自动适配电脑、平板和手机等不同客户端。）</p><p>包括但不限于以上基础功能，您可以到下方下载地址查看最新版本。</p><p><br/></p><h2>下载地址</h2><p><strong>Gitee：</strong><a href=\\\"https://gitee.com/caozha/caozha-admin\\\" target=\\\"_blank\\\">https://gitee.com/caozha/caozha-admin</a></p><p><strong>GitHub：</strong><a href=\\\"https://github.com/cao-zha/caozha-admin\\\" target=\\\"_blank\\\">https://github.com/cao-zha/caozha-admin</a></p><p><span style=\\\"font-family: -apple-system-font, \\\">支持开源程序，请到Gitee和GitHub给我点Star！</span></p><p><br/></p><h2>开发手册<br/></h2><p><strong>码云Wiki：</strong><a href=\\\"https://gitee.com/caozha/caozha-admin/wikis\\\" target=\\\"_blank\\\">https://gitee.com/caozha/caozha-admin/wikis</a><br/></p><p><strong>GitHub Wiki：</strong><a href=\\\"https://github.com/cao-zha/caozha-admin/wiki\\\" target=\\\"_blank\\\">https://github.com/cao-zha/caozha-admin/wiki</a></p><p><br/></p><h2>界面预览</h2><p style=\\\"box-sizing: border-box; margin: 0px 0em 16px; padding: 0px; line-height: 1.6; word-break: break-word; color: rgb(64, 72, 91); font-family: -apple-system-font, \\\"><span style=\\\"box-sizing: border-box; margin: 0px; padding: 0px; font-weight: 600;\\\">1.7.0版预览：</span></p><p style=\\\"box-sizing: border-box; margin: 0px 0em 16px; padding: 0px; line-height: 1.6; word-break: break-word; color: rgb(64, 72, 91); font-family: -apple-system-font, \\\">主要重写了后台欢迎页，修复若干BUG。</p><p style=\\\"box-sizing: border-box; margin: 0px 0em 16px; padding: 0px; line-height: 1.6; word-break: break-word; color: rgb(64, 72, 91); font-family: -apple-system-font, \\\"><img src=\\\"/getimg/https/images.gitee.com/uploads/images/2020/0629/171653_57fa96a9_7397417.png\\\" alt=\\\"输入图片说明\\\" title=\\\"22.png\\\"/></p><p style=\\\"box-sizing: border-box; margin: 0px 0em 16px; padding: 0px; line-height: 1.6; word-break: break-word; color: rgb(64, 72, 91); font-family: -apple-system-font, \\\"><span style=\\\"box-sizing: border-box; margin: 0px; padding: 0px; font-weight: 600;\\\">1.5.0版预览：</span></p><p style=\\\"box-sizing: border-box; margin: 0px 0em 16px; padding: 0px; line-height: 1.6; word-break: break-word; color: rgb(64, 72, 91); font-family: -apple-system-font, \\\">主要是新增了评论系统。</p><p style=\\\"box-sizing: border-box; margin: 0px 0em 16px; padding: 0px; line-height: 1.6; word-break: break-word; color: rgb(64, 72, 91); font-family: -apple-system-font, \\\">评论（PC端）：</p><p style=\\\"box-sizing: border-box; margin: 0px 0em 16px; padding: 0px; line-height: 1.6; word-break: break-word; color: rgb(64, 72, 91); font-family: -apple-system-font, \\\"><img src=\\\"/getimg/https/images.gitee.com/uploads/images/2020/0611/145140_3e613b5d_7397417.png\\\" alt=\\\"输入图片说明\\\" title=\\\"16.png\\\"/></p><p style=\\\"box-sizing: border-box; margin: 0px 0em 16px; padding: 0px; line-height: 1.6; word-break: break-word; color: rgb(64, 72, 91); font-family: -apple-system-font, \\\"><img src=\\\"/getimg/https/images.gitee.com/uploads/images/2020/0611/135914_73eb0310_7397417.png\\\" alt=\\\"输入图片说明\\\" title=\\\"19.png\\\"/></p><p style=\\\"box-sizing: border-box; margin: 0px 0em 16px; padding: 0px; line-height: 1.6; word-break: break-word; color: rgb(64, 72, 91); font-family: -apple-system-font, \\\">评论（手机端）：</p><p style=\\\"box-sizing: border-box; margin: 0px 0em 16px; padding: 0px; line-height: 1.6; word-break: break-word; color: rgb(64, 72, 91); font-family: -apple-system-font, \\\"><img src=\\\"/getimg/https/images.gitee.com/uploads/images/2020/0612/152711_77208177_7397417.jpeg\\\" alt=\\\"输入图片说明\\\" title=\\\"5.jpg\\\"/></p><p style=\\\"box-sizing: border-box; margin: 0px 0em 16px; padding: 0px; line-height: 1.6; word-break: break-word; color: rgb(64, 72, 91); font-family: -apple-system-font, \\\"><img src=\\\"/getimg/https/images.gitee.com/uploads/images/2020/0612/152720_633821db_7397417.jpeg\\\" alt=\\\"输入图片说明\\\" title=\\\"6.jpg\\\"/></p><p style=\\\"box-sizing: border-box; margin: 0px 0em 16px; padding: 0px; line-height: 1.6; word-break: break-word; color: rgb(64, 72, 91); font-family: -apple-system-font, \\\">评论后台：</p><p style=\\\"box-sizing: border-box; margin: 0px 0em 16px; padding: 0px; line-height: 1.6; word-break: break-word; color: rgb(64, 72, 91); font-family: -apple-system-font, \\\"><img src=\\\"/getimg/https/images.gitee.com/uploads/images/2020/0611/124804_b09945aa_7397417.png\\\" alt=\\\"输入图片说明\\\" title=\\\"17.png\\\"/></p><p style=\\\"box-sizing: border-box; margin: 0px 0em 16px; padding: 0px; line-height: 1.6; word-break: break-word; color: rgb(64, 72, 91); font-family: -apple-system-font, \\\"><img src=\\\"/getimg/https/images.gitee.com/uploads/images/2020/0611/135927_03fa9d83_7397417.png\\\" alt=\\\"输入图片说明\\\" title=\\\"20.png\\\"/></p><p style=\\\"box-sizing: border-box; margin: 0px 0em 16px; padding: 0px; line-height: 1.6; word-break: break-word; color: rgb(64, 72, 91); font-family: -apple-system-font, \\\">评论可设置项：</p><p style=\\\"box-sizing: border-box; margin: 0px 0em 16px; padding: 0px; line-height: 1.6; word-break: break-word; color: rgb(64, 72, 91); font-family: -apple-system-font, \\\"><img src=\\\"/getimg/https/images.gitee.com/uploads/images/2020/0612/174208_53940656_7397417.png\\\" alt=\\\"输入图片说明\\\" title=\\\"18.png\\\"/></p><p style=\\\"box-sizing: border-box; margin: 0px 0em 16px; padding: 0px; line-height: 1.6; word-break: break-word; color: rgb(64, 72, 91); font-family: -apple-system-font, \\\"><span style=\\\"box-sizing: border-box; margin: 0px; padding: 0px; font-weight: 600;\\\">1.3.0版预览：</span></p><p style=\\\"box-sizing: border-box; margin: 0px 0em 16px; padding: 0px; line-height: 1.6; word-break: break-word; color: rgb(64, 72, 91); font-family: -apple-system-font, \\\"><img src=\\\"/getimg/https/images.gitee.com/uploads/images/2020/0604/095751_8a313232_7397417.png\\\" alt=\\\"输入图片说明\\\" title=\\\"11.png\\\"/></p><p style=\\\"box-sizing: border-box; margin: 0px 0em 16px; padding: 0px; line-height: 1.6; word-break: break-word; color: rgb(64, 72, 91); font-family: -apple-system-font, \\\"><img src=\\\"/getimg/https/images.gitee.com/uploads/images/2020/0604/004200_03967767_7397417.jpeg\\\" alt=\\\"输入图片说明\\\" title=\\\"12.jpg\\\"/></p><p style=\\\"box-sizing: border-box; margin: 0px 0em 16px; padding: 0px; line-height: 1.6; word-break: break-word; color: rgb(64, 72, 91); font-family: -apple-system-font, \\\"><img src=\\\"/getimg/https/images.gitee.com/uploads/images/2020/0604/004219_bddd7960_7397417.jpeg\\\" alt=\\\"输入图片说明\\\" title=\\\"13.jpg\\\"/></p><p style=\\\"box-sizing: border-box; margin: 0px 0em 16px; padding: 0px; line-height: 1.6; word-break: break-word; color: rgb(64, 72, 91); font-family: -apple-system-font, \\\"><img src=\\\"/getimg/https/images.gitee.com/uploads/images/2020/0604/004228_77a586e1_7397417.jpeg\\\" alt=\\\"输入图片说明\\\" title=\\\"14.jpg\\\"/></p><p style=\\\"box-sizing: border-box; margin: 0px 0em 16px; padding: 0px; line-height: 1.6; word-break: break-word; color: rgb(64, 72, 91); font-family: -apple-system-font, \\\"><img src=\\\"/getimg/https/images.gitee.com/uploads/images/2020/0604/004237_802810be_7397417.jpeg\\\" alt=\\\"输入图片说明\\\" title=\\\"15.jpg\\\"/></p><p style=\\\"box-sizing: border-box; margin: 0px 0em 16px; padding: 0px; line-height: 1.6; word-break: break-word; color: rgb(64, 72, 91); font-family: -apple-system-font, \\\"><span style=\\\"box-sizing: border-box; margin: 0px; padding: 0px; font-weight: 600;\\\">1.2.0版预览：</span></p><p style=\\\"box-sizing: border-box; margin: 0px 0em 16px; padding: 0px; line-height: 1.6; word-break: break-word; color: rgb(64, 72, 91); font-family: -apple-system-font, \\\"><img src=\\\"/getimg/https/images.gitee.com/uploads/images/2020/0602/181454_9d357745_7397417.png\\\" alt=\\\"输入图片说明\\\" title=\\\"10.png\\\"/></p><p style=\\\"box-sizing: border-box; margin: 0px 0em 16px; padding: 0px; line-height: 1.6; word-break: break-word; color: rgb(64, 72, 91); font-family: -apple-system-font, \\\"><img src=\\\"/getimg/https/images.gitee.com/uploads/images/2020/0604/101336_1575442d_7397417.png\\\" alt=\\\"输入图片说明\\\" title=\\\"10-1.png\\\"/></p><p style=\\\"box-sizing: border-box; margin: 0px 0em 16px; padding: 0px; line-height: 1.6; word-break: break-word; color: rgb(64, 72, 91); font-family: -apple-system-font, \\\"><img src=\\\"/getimg/https/images.gitee.com/uploads/images/2020/0604/110154_cb9f5759_7397417.png\\\" alt=\\\"输入图片说明\\\" title=\\\"10-2.png\\\"/></p><p style=\\\"box-sizing: border-box; margin: 0px 0em 16px; padding: 0px; line-height: 1.6; word-break: break-word; color: rgb(64, 72, 91); font-family: -apple-system-font, \\\"><span style=\\\"box-sizing: border-box; margin: 0px; padding: 0px; font-weight: 600;\\\">1.1.0版预览：</span></p><p style=\\\"box-sizing: border-box; margin: 0px 0em 16px; padding: 0px; line-height: 1.6; word-break: break-word; color: rgb(64, 72, 91); font-family: -apple-system-font, \\\"><img src=\\\"/getimg/https/images.gitee.com/uploads/images/2020/0531/221652_31b46dd9_7397417.png\\\" alt=\\\"输入图片说明\\\" title=\\\"8.png\\\"/></p><p style=\\\"box-sizing: border-box; margin: 0px 0em 16px; padding: 0px; line-height: 1.6; word-break: break-word; color: rgb(64, 72, 91); font-family: -apple-system-font, \\\"><img src=\\\"/getimg/https/images.gitee.com/uploads/images/2020/0531/221706_b4fc6e99_7397417.png\\\" alt=\\\"输入图片说明\\\" title=\\\"9.png\\\"/></p><p style=\\\"box-sizing: border-box; margin: 0px 0em 16px; padding: 0px; line-height: 1.6; word-break: break-word; color: rgb(64, 72, 91); font-family: -apple-system-font, \\\"><span style=\\\"box-sizing: border-box; margin: 0px; padding: 0px; font-weight: 600;\\\">1.0.0版预览：</span></p><p style=\\\"box-sizing: border-box; margin: 0px 0em 16px; padding: 0px; line-height: 1.6; word-break: break-word; color: rgb(64, 72, 91); font-family: -apple-system-font, \\\"><img src=\\\"/getimg/https/images.gitee.com/uploads/images/2020/0522/111034_0fcc6524_7397417.png\\\" alt=\\\"输入图片说明\\\" title=\\\"1.png\\\"/></p><p style=\\\"box-sizing: border-box; margin: 0px 0em 16px; padding: 0px; line-height: 1.6; word-break: break-word; color: rgb(64, 72, 91); font-family: -apple-system-font, \\\"><img src=\\\"/getimg/https/images.gitee.com/uploads/images/2020/0522/111043_e0a9482f_7397417.png\\\" alt=\\\"输入图片说明\\\" title=\\\"2.png\\\"/></p><p style=\\\"box-sizing: border-box; margin: 0px 0em 16px; padding: 0px; line-height: 1.6; word-break: break-word; color: rgb(64, 72, 91); font-family: -apple-system-font, \\\"><img src=\\\"/getimg/https/images.gitee.com/uploads/images/2020/0522/111051_b6abdc55_7397417.png\\\" alt=\\\"输入图片说明\\\" title=\\\"3.png\\\"/></p><p style=\\\"box-sizing: border-box; margin: 0px 0em 16px; padding: 0px; line-height: 1.6; word-break: break-word; color: rgb(64, 72, 91); font-family: -apple-system-font, \\\"><img src=\\\"/getimg/https/images.gitee.com/uploads/images/2020/0522/111132_8860fb7d_7397417.png\\\" alt=\\\"输入图片说明\\\" title=\\\"4.png\\\"/></p><p style=\\\"box-sizing: border-box; margin: 0px 0em 16px; padding: 0px; line-height: 1.6; word-break: break-word; color: rgb(64, 72, 91); font-family: -apple-system-font, \\\"><img src=\\\"/getimg/https/images.gitee.com/uploads/images/2020/0522/111139_8230a7f8_7397417.png\\\" alt=\\\"输入图片说明\\\" title=\\\"5.png\\\"/></p><p style=\\\"box-sizing: border-box; margin: 0px 0em 16px; padding: 0px; line-height: 1.6; word-break: break-word; color: rgb(64, 72, 91); font-family: -apple-system-font, \\\"><img src=\\\"/getimg/https/images.gitee.com/uploads/images/2020/0522/111151_7aaf6aa7_7397417.png\\\" alt=\\\"输入图片说明\\\" title=\\\"6.png\\\"/></p><p style=\\\"box-sizing: border-box; margin-top: 0px; margin-right: 0em; margin-left: 0em; padding: 0px; line-height: 1.6; word-break: break-word; color: rgb(64, 72, 91); font-family: -apple-system-font, \\\"><img src=\\\"/getimg/https/images.gitee.com/uploads/images/2020/0522/111159_fb128fff_7397417.png\\\" alt=\\\"输入图片说明\\\" title=\\\"7.png\\\"/></p><p><br/></p>', '', '/getimg/https/images.gitee.com/uploads/images/2020/0522/111159_fb128fff_7397417.png', '', 'caozha-admin是一个通用的PHP网站后台管理框架，基于开源的ThinkPHP开发，特点：易上手，零门槛，界面清爽极简，极便于二次开发。', '', '', 90, 9, 0, '2020-07-22 19:23:18', 1, '邓草', '', 2034, 1, 0, 1),
(3, 8, 'caozha-order（竞价页订单管理系统）', '<p>caozha-order是一个通用的竞价页订单管理系统，基于开源的caozha-admin开发，支持订单管理、订单回收站、产品管理、批量上传订单、批量导出订单（支持导出格式：.xls，.xlsx，.csv）、检测订单重复、竞价页的下单表单调用等功能，内置灵活的查看订单权限设置机制。系统特点：易上手，零门槛，界面清爽极简，极便于二次开发。</p><h2>系统功能</h2><p>1、系统设置</p><p>2、管理员管理</p><p>3、权限组管理</p><p>4、系统日志</p><p>5、后台功能地图</p><p>6、产品管理</p><p>7、订单管理</p><p>8、订单回收站：恢复订单、彻底删除订单、清空订单回收站</p><p>9、订单查重：检查重复订单、删除重复订单</p><p>10、批量上传订单，支持上传的格式：.xls，.xlsx等</p><p>11、批量导出订单，可以设置订单导出的任何字段，支持导出格式：.xls，.xlsx，.csv等。单次导出的数量建议20万以下，可以通过按日期筛选导出。</p><p>12、内置3套不同风格的下单表单页面，支持调用或内嵌在竞价页上。（如需要不同的风格，可以自己新增或修改）</p><p>13、防护设置：支持下单页是否开启验证码，是否防恶意提交（可设置同个IP或手机号X分钟内只能提交N次订单）</p><p>14、按产品标识符设置查看订单的权限：可以单独对某个账号设置只能查看某些产品标识符的订单。说明：①此功能可以很方便的开账户给下属或合作商查看订单。②此功能和权限组设置是并列的，可相互搭配使用。</p><p>15、支持百万级别以上的订单数据量。当数据量很大，出现明显卡顿的时候，可以到系统设置—》订单列表分页模式-》简洁模式，即可解决问题。</p><p><span style=\\\"font-family: -apple-system-font, \\\">包括但不限于以上基础功能，您可以到下方下载地址查看最新版本。</span></p><p><span style=\\\"font-family: -apple-system-font, \\\"><br/></span></p><h2><span style=\\\"font-family: -apple-system-font, \\\">下载地址</span><span style=\\\"background-color: rgb(255, 255, 255); font-family: -apple-system-font, \\\"></span></h2><p><strong>Gitee：</strong><a href=\\\"https://gitee.com/caozha/caozha-order\\\" target=\\\"_blank\\\">https://gitee.com/caozha/caozha-order</a></p><p><strong>GitHub：</strong><a href=\\\"https://github.com/cao-zha/caozha-order\\\" target=\\\"_blank\\\">https://github.com/cao-zha/caozha-order</a></p><p><span style=\\\"font-family: -apple-system-font, \\\">支持开源程序，请到Gitee和GitHub给我点Star！</span><br/></p><p><span style=\\\"font-family: -apple-system-font, \\\"><br/></span></p><h2><span style=\\\"font-family: -apple-system-font, \\\">界面预览<br/></span></h2><p><span style=\\\"font-family: -apple-system-font, \\\"></span></p><p style=\\\"box-sizing: border-box; margin: 0px 0em 16px; padding: 0px; line-height: 1.6; word-break: break-word; color: rgb(64, 72, 91); font-family: -apple-system-font, \\\"><span style=\\\"box-sizing: border-box; margin: 0px; padding: 0px; font-weight: 600;\\\">竞价页的下单表单页面：</span></p><p style=\\\"box-sizing: border-box; margin: 0px 0em 16px; padding: 0px; line-height: 1.6; word-break: break-word; color: rgb(64, 72, 91); font-family: -apple-system-font, \\\">风格一：</p><p style=\\\"box-sizing: border-box; margin: 0px 0em 16px; padding: 0px; line-height: 1.6; word-break: break-word; color: rgb(64, 72, 91); font-family: -apple-system-font, \\\"><img src=\\\"/getimg/https/images.gitee.com/uploads/images/2020/0630/153646_fd08bd8e_7397417.png\\\" alt=\\\"输入图片说明\\\" title=\\\"7.png\\\"/></p><p style=\\\"box-sizing: border-box; margin: 0px 0em 16px; padding: 0px; line-height: 1.6; word-break: break-word; color: rgb(64, 72, 91); font-family: -apple-system-font, \\\">风格二：</p><p style=\\\"box-sizing: border-box; margin: 0px 0em 16px; padding: 0px; line-height: 1.6; word-break: break-word; color: rgb(64, 72, 91); font-family: -apple-system-font, \\\"><img src=\\\"/getimg/https/images.gitee.com/uploads/images/2020/0630/153654_93d9e77b_7397417.png\\\" alt=\\\"输入图片说明\\\" title=\\\"8.png\\\"/></p><p style=\\\"box-sizing: border-box; margin: 0px 0em 16px; padding: 0px; line-height: 1.6; word-break: break-word; color: rgb(64, 72, 91); font-family: -apple-system-font, \\\">风格三：</p><p style=\\\"box-sizing: border-box; margin: 0px 0em 16px; padding: 0px; line-height: 1.6; word-break: break-word; color: rgb(64, 72, 91); font-family: -apple-system-font, \\\"><img src=\\\"/getimg/https/images.gitee.com/uploads/images/2020/0630/153703_1c25fca2_7397417.png\\\" alt=\\\"输入图片说明\\\" title=\\\"9.png\\\"/></p><p style=\\\"box-sizing: border-box; margin: 0px 0em 16px; padding: 0px; line-height: 1.6; word-break: break-word; color: rgb(64, 72, 91); font-family: -apple-system-font, \\\"><span style=\\\"box-sizing: border-box; margin: 0px; padding: 0px; font-weight: 600;\\\">后台管理功能页面：</span></p><p style=\\\"box-sizing: border-box; margin: 0px 0em 16px; padding: 0px; line-height: 1.6; word-break: break-word; color: rgb(64, 72, 91); font-family: -apple-system-font, \\\"><img src=\\\"/getimg/https/images.gitee.com/uploads/images/2020/0701/210221_62e6b554_7397417.png\\\" alt=\\\"输入图片说明\\\" title=\\\"1.png\\\"/></p><p style=\\\"box-sizing: border-box; margin: 0px 0em 16px; padding: 0px; line-height: 1.6; word-break: break-word; color: rgb(64, 72, 91); font-family: -apple-system-font, \\\"><img src=\\\"/getimg/https/images.gitee.com/uploads/images/2020/0701/210229_51d0bae9_7397417.png\\\" alt=\\\"输入图片说明\\\" title=\\\"2.png\\\"/></p><p style=\\\"box-sizing: border-box; margin: 0px 0em 16px; padding: 0px; line-height: 1.6; word-break: break-word; color: rgb(64, 72, 91); font-family: -apple-system-font, \\\"><img src=\\\"/getimg/https/images.gitee.com/uploads/images/2020/0701/210236_e330436f_7397417.png\\\" alt=\\\"输入图片说明\\\" title=\\\"3.png\\\"/></p><p style=\\\"box-sizing: border-box; margin: 0px 0em 16px; padding: 0px; line-height: 1.6; word-break: break-word; color: rgb(64, 72, 91); font-family: -apple-system-font, \\\"><img src=\\\"/getimg/https/images.gitee.com/uploads/images/2020/0701/210243_bce659bc_7397417.png\\\" alt=\\\"输入图片说明\\\" title=\\\"4.png\\\"/></p><p style=\\\"box-sizing: border-box; margin: 0px 0em 16px; padding: 0px; line-height: 1.6; word-break: break-word; color: rgb(64, 72, 91); font-family: -apple-system-font, \\\"><img src=\\\"/getimg/https/images.gitee.com/uploads/images/2020/0701/210250_fab99560_7397417.png\\\" alt=\\\"输入图片说明\\\" title=\\\"5.png\\\"/></p><p style=\\\"box-sizing: border-box; margin: 0px 0em 16px; padding: 0px; line-height: 1.6; word-break: break-word; color: rgb(64, 72, 91); font-family: -apple-system-font, \\\"><img src=\\\"/getimg/https/images.gitee.com/uploads/images/2020/0701/210257_9b7b776e_7397417.png\\\" alt=\\\"输入图片说明\\\" title=\\\"6.png\\\"/></p><p style=\\\"box-sizing: border-box; margin: 0px 0em 16px; padding: 0px; line-height: 1.6; word-break: break-word; color: rgb(64, 72, 91); font-family: -apple-system-font, \\\"><img src=\\\"/getimg/https/images.gitee.com/uploads/images/2020/0701/210307_acbaea3b_7397417.png\\\" alt=\\\"输入图片说明\\\" title=\\\"10.png\\\"/></p><p style=\\\"box-sizing: border-box; margin: 0px 0em 16px; padding: 0px; line-height: 1.6; word-break: break-word; color: rgb(64, 72, 91); font-family: -apple-system-font, \\\"><img src=\\\"/getimg/https/images.gitee.com/uploads/images/2020/0701/210317_ef12a3df_7397417.png\\\" alt=\\\"输入图片说明\\\" title=\\\"11.png\\\"/></p><p style=\\\"box-sizing: border-box; margin: 0px 0em 16px; padding: 0px; line-height: 1.6; word-break: break-word; color: rgb(64, 72, 91); font-family: -apple-system-font, \\\"><img src=\\\"/getimg/https/images.gitee.com/uploads/images/2020/0702/111805_1689bae8_7397417.png\\\" alt=\\\"输入图片说明\\\" title=\\\"12.png\\\"/></p><p style=\\\"box-sizing: border-box; margin: 0px 0em 16px; padding: 0px; line-height: 1.6; word-break: break-word; color: rgb(64, 72, 91); font-family: -apple-system-font, \\\"><img src=\\\"/getimg/https/images.gitee.com/uploads/images/2020/0702/111816_9fffec5e_7397417.png\\\" alt=\\\"输入图片说明\\\" title=\\\"13.png\\\"/></p><p style=\\\"box-sizing: border-box; margin-top: 0px; margin-right: 0em; margin-left: 0em; padding: 0px; line-height: 1.6; word-break: break-word; color: rgb(64, 72, 91); font-family: -apple-system-font, \\\"><img src=\\\"/getimg/https/images.gitee.com/uploads/images/2020/0703/204201_2fed4469_7397417.png\\\" alt=\\\"输入图片说明\\\" title=\\\"14.png\\\"/></p><p><span style=\\\"font-family: -apple-system-font, \\\"><br/></span><br/></p>', '', '/getimg/https/images.gitee.com/uploads/images/2020/0630/153646_fd08bd8e_7397417.png', '', 'caozha-order是一个通用的竞价页订单管理系统，基于开源的caozha-admin开发，支持订单管理、订单回收站、产品管理、批量上传订单、批量导出订单（支持导出格式：.xls，.xlsx，.csv）、检测订单重复、竞价页的下单表单调用等功能，内置灵活的查看订单权限设置机制。系统特点：易上手，零门槛，界面清爽极简，极便于二次开发。', '', '', 88, 9, 0, '2020-07-22 19:51:25', 1, '邓草', '', 1226, 1, 0, 1),
(4, 8, 'caozha-CEPCS（新冠肺炎疫情防控系统）', '<p>caozha-CEPCS，是一个基于PHP开发的新冠肺炎疫情防控系统，CEPCS（全称：COVID-19 Epidemic Prevention and Control System），可以应用于单位、企业、学校、工业园区、村落等等。前端功能有：员工（访客）登记与登陆、我的资料、我的二维码（有管理权限的人登陆后扫用户提供的二维码可以直接查看此用户的所有信息）、疫情上报、疫情公告等模块，以实现对企业或园区内部进行高效的疫情管控。后端基于caozha-admin开发，功能完善，有：疫情新闻公告、会员管理、疫情上报记录、系统设置、管理员维护、权限组管理、系统日志等等功能。小小系统，希望能为大家渡过疫情尽自己微薄之力。</p><h2>功能介绍</h2><p><strong>前端功能</strong></p><p>前端功能分为：员工（访客）登记与登陆、我的资料、我的二维码（有管理权限的人登陆后扫用户提供的二维码可以直接查看此用户的所有信息）、疫情上报、疫情公告等模块，以实现对企业或园区内部进行高效的疫情管控。</p><p>前端登陆是基于身份证号和密码进行登陆验证，所以，注册时或者后台添加会员时，会先验证身份证号是否已存在系统里，如已存在则提示不能注册。</p><p>安全方面，系统对入库数据做了必要的过滤；生成的二维码也做了加密验证处理，防止恶意用户伪造二维码。</p><p><strong>后端功能</strong></p><p>后端基于开源免费的caozha-admin架构开发，功能完善，有：疫情新闻公告、会员管理、疫情上报记录、系统设置、管理员维护、权限组管理、系统日志等等功能。</p><p>更多功能，自己下载体验吧。<br/></p><p><br/></p><h2>下载地址</h2><p>Gitee：<a href=\\\"https://gitee.com/caozha/caozha-cepcs\\\" target=\\\"_blank\\\">https://gitee.com/caozha/caozha-cepcs</a><br/></p><p>GitHub：<a href=\\\"https://github.com/cao-zha/caozha-cepcs\\\" target=\\\"_blank\\\">https://github.com/cao-zha/caozha-cepcs</a></p><p>支持开源程序，请到Gitee和GitHub给我们点Star！</p><p><br/></p><h2>开发手册</h2><p><strong>后端：</strong></p><p>采用开源免费的caozha-admin架构，安装和使用方法也跟caozha-admin类似，所以请参考Wiki：</p><p>国内：<a href=\\\"https://gitee.com/caozha/caozha-admin/wikis\\\" target=\\\"_blank\\\">https://gitee.com/caozha/caozha-admin/wikis</a></p><p>国外：<a href=\\\"https://github.com/cao-zha/caozha-admin/wiki\\\" target=\\\"_blank\\\">https://github.com/cao-zha/caozha-admin/wiki</a></p><p><strong>前端：</strong><br/></p><p>采用网上免费下载的模板制作，如果您不喜欢，可以另外做自己的界面。</p><p><br/></p><h2>使用方法</h2><p>理论上，本系统适用于大多数场景使用，特别适合那些人员比较多的单位、工业园区、科技园、学校、村落等等场景使用。</p><p>我们知道，一个标准的工业园区或科技园，内部可能有许多不同的小工厂或者企业，人员和访客都比较复杂，为疫情防控增加了困难。</p><p>下面就以工业园区为例分别说明一下本系统各个部分的功能和使用方法。</p><p><strong>1、登记系统</strong></p><p>员工（或陌生访客）进入工业园区大门之前，需要核实身份信息，并登记。</p><p>分两种情况：工业园区内企业员工和陌生的外来访客。负责园区疫情防控的工作人员，可以事先树立告示牌，提醒不同身份的访客进入不同的检查口排队。</p><p>（1）园区内的企业员工</p><p>针对园区内的企业员工，为了使得整个核验过程简便快捷，避免造成拥挤和排队过久的情况，把核验方式简化为：出示二维码。员工事先通过手机使用自己的账号和密码来登陆疫情防控系统的客户端，登陆成功后，点击对应的“我的二维码”功能，即可由系统自动生成一个带有唯一标识的二维码。负责园区核验的工作人员，则事先使用手机浏览器以“工作人员”身份的账户登陆系统，此时工作人员登陆验证通过的Cookie已自动保存在手机浏览器端，之后直接使用此手机浏览器自带的扫码功能扫一下员工（或访客）展示的二维码，即可自动打开扫码结果页。如果二维码信息验证真实，则会提示核验成功，并且显示该员工的完整信息，如所在公司，姓名，住址，身份证号等等。核验人员通过这些信息比对员工现场出示的身份证信息，确认是否一致。如果信息一致，则给其测量体温，体温正常则允许其进入园区，发热则拒绝进入园区并由园区保安做后续处理。如果信息不一致，要求其按外来访客登记。</p><p>（2）陌生的外来访客</p><p>针对陌生的外来访客，园区核验工作人员可以展示系统注册页面的二维码，访客使用手机扫描此二维码后，会打开一个访客注册/登记的表单页面。访客填写表单并提交完成后，会自动生成一个访客的账号。访客凭账户和密码登陆进入系统后，点击“我的二维码”，展示二维码给工作人员。工作人员扫码后会自动显示该访客填写的信息，根据访客现场出示的身份证和系统显示的信息判断是否填写真实，真实则直接给其测量体温，体温正常则允许其进入园区，发热则拒绝进入园区并由园区保安做后续处理。</p><p><strong>2、疫情上报系统</strong><br/></p><p>疫情上报，是为了加强疫情的管控，园区内的企业员工每天上报自己的体温、是否咳嗽。这样，可以实时准确地掌握园区内所有员工的健康情况，以便及时发现疫情。</p><p><strong>3、疫情公告系统</strong></p><p>在员工登陆的首页的显要位置上，设计了一个专门的新闻公告。可以通过此新闻公告，发布一些疫情相关的信息，比如疫情通知，预防感染知识，等等。通过信息主动告示和宣传，增强员工自身的防范意识，减少新冠肺炎的传播风险。</p><p><br/></p><h2>后端界面预览</h2><p><img src=\\\"/getimg/https/images.gitee.com/uploads/images/2020/0525/172559_95aae385_7397417.png\\\" alt=\\\"输入图片说明\\\" title=\\\"1.png\\\"/>&nbsp;<img src=\\\"/getimg/https/images.gitee.com/uploads/images/2020/0525/172608_f182105c_7397417.png\\\" alt=\\\"输入图片说明\\\" title=\\\"2.png\\\"/>&nbsp;<img src=\\\"/getimg/https/images.gitee.com/uploads/images/2020/0525/172615_683685ae_7397417.png\\\" alt=\\\"输入图片说明\\\" title=\\\"3.png\\\"/>&nbsp;<img src=\\\"/getimg/https/images.gitee.com/uploads/images/2020/0525/173140_340a0811_7397417.png\\\" alt=\\\"输入图片说明\\\" title=\\\"13.png\\\"/>&nbsp;<img src=\\\"/getimg/https/images.gitee.com/uploads/images/2020/0525/173150_c9c7cb57_7397417.png\\\" alt=\\\"输入图片说明\\\" title=\\\"14.png\\\"/>&nbsp;<img src=\\\"/getimg/https/images.gitee.com/uploads/images/2020/0525/173157_41132cb9_7397417.png\\\" alt=\\\"输入图片说明\\\" title=\\\"15.png\\\"/>&nbsp;<img src=\\\"/getimg/https/images.gitee.com/uploads/images/2020/0525/173205_59660680_7397417.png\\\" alt=\\\"输入图片说明\\\" title=\\\"16.png\\\"/>&nbsp;<img src=\\\"/getimg/https/images.gitee.com/uploads/images/2020/0525/173214_9dbd6a9d_7397417.png\\\" alt=\\\"输入图片说明\\\" title=\\\"17.png\\\"/>&nbsp;<img src=\\\"/getimg/https/images.gitee.com/uploads/images/2020/0525/173222_4806cd33_7397417.png\\\" alt=\\\"输入图片说明\\\" title=\\\"18.png\\\"/></p><p><br/></p><p><a href=\\\"https://gitee.com/caozha/caozha-cepcs#%E5%89%8D%E7%AB%AF%E7%95%8C%E9%9D%A2%E9%A2%84%E8%A7%88\\\"></a></p><h2>前端界面预览</h2><p><img src=\\\"/getimg/https/images.gitee.com/uploads/images/2020/0525/172653_ce6a8350_7397417.png\\\" alt=\\\"输入图片说明\\\" title=\\\"4.png\\\"/>&nbsp;<img src=\\\"/getimg/https/images.gitee.com/uploads/images/2020/0525/172701_7f9c43f1_7397417.png\\\" alt=\\\"输入图片说明\\\" title=\\\"5.png\\\"/>&nbsp;<img src=\\\"/getimg/https/images.gitee.com/uploads/images/2020/0525/172708_07946068_7397417.png\\\" alt=\\\"输入图片说明\\\" title=\\\"6.png\\\"/>&nbsp;<img src=\\\"/getimg/https/images.gitee.com/uploads/images/2020/0525/172716_213ffdab_7397417.png\\\" alt=\\\"输入图片说明\\\" title=\\\"7.png\\\"/>&nbsp;<img src=\\\"/getimg/https/images.gitee.com/uploads/images/2020/0525/172724_6e1c9501_7397417.png\\\" alt=\\\"输入图片说明\\\" title=\\\"8.png\\\"/>&nbsp;<img src=\\\"/getimg/https/images.gitee.com/uploads/images/2020/0525/172733_49f5addd_7397417.png\\\" alt=\\\"输入图片说明\\\" title=\\\"9.png\\\"/>&nbsp;<img src=\\\"/getimg/https/images.gitee.com/uploads/images/2020/0525/172741_a080b317_7397417.png\\\" alt=\\\"输入图片说明\\\" title=\\\"10.png\\\"/>&nbsp;<img src=\\\"/getimg/https/images.gitee.com/uploads/images/2020/0525/172805_d3151179_7397417.png\\\" alt=\\\"输入图片说明\\\" title=\\\"11.png\\\"/>&nbsp;<img src=\\\"/getimg/https/images.gitee.com/uploads/images/2020/0525/172814_f14e5873_7397417.png\\\" alt=\\\"输入图片说明\\\" title=\\\"12.png\\\"/></p>', '', '/getimg/https/images.gitee.com/uploads/images/2020/0525/172653_ce6a8350_7397417.png', '', 'caozha-CEPCS，是一个基于PHP开发的新冠肺炎疫情防控系统，CEPCS（全称：COVID-19 Epidemic Prevention and Control System），可以应用于单位、企业、学校、工业园区、村落等等。前端功能有：员工（访客）登记与登陆、我的资料、我的二维码（有管理权限的人登陆后扫用户提供的二维码可以直接查看此用户的所有信息）、疫情上报、疫情公告等模块，以实现对企业或园区内部进行高效的疫情管控。后端基于caozha-admin开发，功能完善，有：疫情新闻公告、会员管理、疫情上报记录、系统设置、管理员维护、权限组管理、系统日志等等功能。小小系统，希望能为大家渡过疫情尽自己微薄之力。', '', '', 0, 9, 0, '2020-07-22 20:17:53', 1, '邓草', '', 1636, 1, 0, 1),
(5, 8, 'AI智能识物（微信小程序）', '<p>AI智能识物，是一款实用的小程序。可以拍照智能识物，可识别地标、车型、花卉、植物、动物、果蔬、货币、红酒、食材等等，AI智能技术识别准确度高。</p><h2>下载地址<br/></h2><p><strong>Gitee：</strong><a href=\\\"https://gitee.com/caozha/AI-Intelligent-Recognition\\\" target=\\\"_blank\\\">https://gitee.com/caozha/AI-Intelligent-Recognition</a></p><p><strong>GitHub：</strong><a href=\\\"https://github.com/cao-zha/AI-Intelligent-Recognition\\\" target=\\\"_blank\\\">https://github.com/cao-zha/AI-Intelligent-Recognition</a></p><p>支持开源程序，请到Gitee和GitHub给我们点Star！</p><p><br/></p><h2>扫码体验</h2><p><img src=\\\"/getimg/https/images.gitee.com/uploads/images/2020/0430/104457_0326c9b6_7397417.jpeg\\\" alt=\\\"输入图片说明\\\" title=\\\"小程序码\\\"/></p><p><br/></p><h2>界面预览</h2><p><img src=\\\"/getimg/images.gitee.com/uploads/images/2020/0430/104726_cf775e8c_7397417.png\\\" alt=\\\"AI智能识物首页\\\" title=\\\"AI智能识物首页\\\" width=\\\"0\\\" height=\\\"\\\"/>&nbsp;<img src=\\\"/getimg/https/images.gitee.com/uploads/images/2020/0504/200311_1fa465ba_7397417.png\\\" alt=\\\"输入图片说明\\\" title=\\\"测试结果1\\\"/>&nbsp;<img src=\\\"/getimg/https/images.gitee.com/uploads/images/2020/0504/200649_2f1b2f64_7397417.jpeg\\\" alt=\\\"输入图片说明\\\" title=\\\"测试结果2\\\"/>&nbsp;<img src=\\\"/getimg/https/images.gitee.com/uploads/images/2020/0504/200702_72e4ba6f_7397417.jpeg\\\" alt=\\\"输入图片说明\\\" title=\\\"测试结果3\\\"/></p><p><br/></p>', '', '/getimg/images.gitee.com/uploads/images/2020/0430/104726_cf775e8c_7397417.png', '', 'AI智能识物，是一款实用的微信小程序。可以拍照智能识物，可识别地标、车型、花卉、植物、动物、果蔬、货币、红酒、食材等等，AI智能技术识别准确度高。', '', '', 0, 9, 0, '2020-07-22 20:41:49', 1, '邓草', '', 1588, 1, 0, 1),
(7, 8, '尺码计算器（微信小程序）', '<p>尺码计算器，是很实用的微信小程序，用于计算衣服、鞋子等尺码的计算器，网购时可以参考。</p><p>系统说明：</p><p>此小程序开发于2017年5月。</p><p><br/></p><h2>下载地址</h2><p><strong>Gitee：</strong><a href=\\\"https://gitee.com/caozha/wx-chima\\\" target=\\\"_blank\\\">https://gitee.com/caozha/wx-chima</a></p><p><strong>GitHub：</strong><a href=\\\"https://github.com/cao-zha/wx-chima\\\" target=\\\"_blank\\\">https://github.com/cao-zha/wx-chima</a></p><p>支持本程序，请到Gitee和GitHub给我们点Star！</p><p><br/></p><p><strong>安装方法</strong></p><p>直接将源代码复制到您的小程序根目录即可正常使用。</p><p><br/></p><h2>扫码体验</h2><p><img src=\\\"/getimg/https/images.gitee.com/uploads/images/2020/0429/142644_bb705e0b_7397417.jpeg\\\" alt=\\\"输入图片说明\\\" title=\\\"gh_46b11d728c32_258.jpg\\\"/></p><p><br/></p><h2>界面预览</h2><p><img src=\\\"/getimg/https/images.gitee.com/uploads/images/2020/0429/141815_69e36f93_7397417.png\\\" alt=\\\"输入图片说明\\\" title=\\\"141243_4e4524af_7397417.png\\\"/>&nbsp; &nbsp;<img src=\\\"/getimg/https/images.gitee.com/uploads/images/2020/0429/141337_600a018d_7397417.png\\\" alt=\\\"输入图片说明\\\" title=\\\"选择.png\\\"/></p><p><br/></p>', '', '/getimg/https/images.gitee.com/uploads/images/2020/0429/141815_69e36f93_7397417.png', '', '尺码计算器，是很实用的微信小程序，用于计算衣服、鞋子等尺码的计算器，网购时可以参考。', '', '', 0, 9, 0, '2020-07-23 11:58:31', 1, '邓草', '', 601, 1, 0, 1);
INSERT INTO `dc_art_article` (`id`, `catid`, `title`, `content`, `style`, `thumb`, `keywords`, `description`, `tags`, `url`, `listorder`, `status`, `islink`, `inputtime`, `iscomment`, `author`, `copyfrom`, `hits`, `isreco`, `ishot`, `istop`) VALUES
(6, 8, 'caozha-UEditor', '<p>caozha-UEditor，rich text 富文本编辑器，基于百度UEditor 1.4.3.3-utf8-php版修改。</p><p>修复了Uploader.class.php的安全隐患。<br/></p><p><strong>新增了以下功能：</strong><br/></p><p>1、上传图片是否加水印。<br/></p><p>2、新增了单独调用上传的接口。<br/></p><p>3、表情本地化，预防百度UEditor永久停更而打不开。<br/></p><p><br/></p><h2>使用方法<br/></h2><p><strong>上传图片是否加水印：</strong></p><p>1、打开php/config.json，将&quot;imageWatermark&quot;修改为true，即可开启默认添加图片水印。</p><p>2、水印图片存放位置：php/water/watermark.png。</p><p><strong>单独调用上传的接口：</strong></p><p>参考示例文件：demo_upload.html，里面有详细调用说明和代码实例。</p><p><br/></p><h2>下载地址<br/></h2><p><strong>Gitee：</strong><a href=\\\"https://gitee.com/caozha/ueditor\\\" target=\\\"_blank\\\">https://gitee.com/caozha/ueditor</a></p><p><strong>GitHub：</strong><a href=\\\"https://github.com/cao-zha/ueditor\\\" target=\\\"_blank\\\">https://github.com/cao-zha/ueditor</a></p><p><br/></p><h2>接口预览</h2><p><img src=\\\"/getimg/https/images.gitee.com/uploads/images/2020/0511/210952_13094c16_7397417.png\\\"/></p>', '', '/getimg/https/images.gitee.com/uploads/images/2020/0511/210952_13094c16_7397417.png', '', 'caozha-UEditor，基于百度UEditor 1.4.3.3-utf8-php版修改。修复了Uploader.class.php的安全隐患，新增了功能：1、上传图片是否加水印。2、表情本地化，预防百度UEditor永久停更而打不开。3、新增了单独调用上传的接口。', '', '', 0, 9, 0, '2020-07-23 11:51:13', 1, '邓草', '', 682, 1, 0, 1),
(8, 8, '二维码生成器（微信小程序）', '<p>二维码生成器，一款可以生成二维码的微信小程序。可以生成带LOGO的二维码，也可以设置二维码颜色。</p><p><br/></p><h2>下载地址</h2><p><strong>Gitee：</strong><a href=\\\"https://gitee.com/caozha/wx-qrcode\\\" target=\\\"_blank\\\">https://gitee.com/caozha/wx-qrcode</a><br/></p><p><strong>GitHub：</strong><a href=\\\"https://github.com/cao-zha/wx-qrcode\\\" target=\\\"_blank\\\">https://github.com/cao-zha/wx-qrcode</a></p><p>支持本程序，请到Gitee和GitHub给我们点Star！</p><p><br/></p><h2>安装方法</h2><p>使用微信开发者工具设置一下您的appid等信息，然后上传到微信小程序即可。</p><p><br/></p><h2>扫码体验</h2><p><img src=\\\"/getimg/https/images.gitee.com/uploads/images/2020/0505/115321_cf3cf19a_7397417.jpeg\\\" alt=\\\"输入图片说明\\\" title=\\\"工具大全\\\"/></p><p>扫码打开“工具大全”，点击：“二维码生成”，即可体验此小程序。</p><p><br/></p><h2>界面预览</h2><p><img src=\\\"/getimg/https/images.gitee.com/uploads/images/2020/0505/143406_77735587_7397417.jpeg\\\" alt=\\\"输入图片说明\\\" title=\\\"1\\\"/>&nbsp; &nbsp;<img src=\\\"/getimg/https/images.gitee.com/uploads/images/2020/0505/143419_b2d2d1ae_7397417.jpeg\\\" alt=\\\"输入图片说明\\\" title=\\\"2\\\"/></p><p><br/></p>', '', '/getimg/https/images.gitee.com/uploads/images/2020/0505/143419_b2d2d1ae_7397417.jpeg', '', '二维码生成器，一款可以生成二维码的微信小程序。可以生成带LOGO的二维码，也可以设置二维码颜色。', '', '', 0, 9, 0, '2020-07-23 14:26:12', 1, '邓草', '', 990, 0, 0, 1),
(9, 8, '二维码+条形码解码器（微信小程序）', '<p>二维码（条形码）解码器，一款微信小程序。可以实时识别二维码和条形码的内容，方便您鉴别二维码内容是否真实，是否安全。无需任何后端，利用微信小程序原生API即可完成全部功能。</p><p><br/></p><h2>下载地址</h2><p><strong>Gitee：</strong><a href=\\\"https://gitee.com/caozha/qrcode-decoder\\\" target=\\\"_blank\\\">https://gitee.com/caozha/qrcode-decoder</a><br/></p><p><strong>GitHub：</strong><a href=\\\"https://github.com/cao-zha/qrcode-decoder\\\" target=\\\"_blank\\\">https://github.com/cao-zha/qrcode-decoder</a></p><p>支持本程序，请到Gitee和GitHub给我们点Star！</p><p><br/></p><h2>安装方法<br/></h2><p>使用微信开发者工具设置一下您的appid等信息，然后上传到微信小程序即可。</p><p><br/></p><h2>扫码体验</h2><p><img src=\\\"https://images.gitee.com/uploads/images/2020/0505/115321_cf3cf19a_7397417.jpeg\\\" alt=\\\"输入图片说明\\\" title=\\\"工具大全\\\"/></p><p>扫码打开“工具大全”，点击：“二维码解码”，即可体验此小程序。</p><p><br/></p><h2>界面预览</h2><p><img src=\\\"/getimg/https/images.gitee.com/uploads/images/2020/0505/115844_dfa86299_7397417.jpeg\\\" alt=\\\"输入图片说明\\\" title=\\\"1\\\"/>&nbsp; &nbsp;<img src=\\\"/getimg/https/images.gitee.com/uploads/images/2020/0505/115909_4e42ee9f_7397417.jpeg\\\" alt=\\\"输入图片说明\\\" title=\\\"2\\\"/></p><p><br/></p>', '', '/getimg/https/images.gitee.com/uploads/images/2020/0505/115909_4e42ee9f_7397417.jpeg', '', '二维码（条形码）解码器，一款微信小程序。可以实时识别二维码和条形码的内容，方便您鉴别二维码内容是否真实，是否安全。', '', '', 0, 9, 0, '2020-07-23 14:45:23', 1, '邓草', '', 1756, 1, 0, 1),
(10, 8, 'caozha-whois', '<p>caozha-whois，是一个采用原生PHP写的域名Whois查询模块，支持全球大部分域名的whois查询，支持中文域名在内的多种域名后缀，包括：.com，.net，.cn，.com.cn，.org，.biz，.cc，.mobi，.中国，.公司等等几百种域名后缀。</p><h2>下载地址<br/></h2><p><strong>Gitee：</strong><a href=\\\"https://gitee.com/caozha/caozha-whois\\\" target=\\\"_blank\\\">https://gitee.com/caozha/caozha-whois</a></p><p><strong>GitHub：</strong><a href=\\\"https://github.com/cao-zha/caozha-whois\\\" target=\\\"_blank\\\">https://github.com/cao-zha/caozha-whois</a></p><p>支持本程序，请到Gitee和GitHub给我们点Star！</p><h2>使用方法</h2><p>参考PHP实例：examples/demo.php</p><h2>体验</h2><p>体验地址：<a href=\\\"https://diannao.wang/tool/whois/\\\" target=\\\"_blank\\\">https://diannao.wang/tool/whois/</a></p><h2>预览</h2><p><img src=\\\"/getimg/https/images.gitee.com/uploads/images/2020/0723/150823_22d2c195_7397417.png\\\"/></p>', '', '/getimg/https/images.gitee.com/uploads/images/2020/0723/150823_22d2c195_7397417.png', '', 'caozha-whois，是一个采用原生PHP写的域名Whois查询模块，支持全球大部分域名的whois查询，支持中文域名在内的多种域名后缀，包括：.com，.net，.cn，.com.cn，.org，.biz，.cc，.mobi，.中国，.公司等等几百种域名后缀。', '', '', 0, 9, 0, '2020-07-23 15:02:12', 1, '邓草', '', 352, 0, 0, 1),
(11, 8, 'caozha-pinyin', '<p>caozha-pinyin，是一个用原生PHP写的中文转拼音的模块。中文转换拼音，支持带或不带声调，支持把ü替换为v等任意字符，支持过滤标点符号，支持使用任意符号做连接符，同时支持json、jsonp、text、xml、js等多种输出格式。</p><h2>使用方法</h2><p>参考实例文件：examples/examples.php</p><p>实例内含多种调用方式，非常直观，容易上手。可用于根据中文生成拼音目录、URL或翻译等场景。</p><h2>下载地址：</h2><p><strong>Gitee：</strong><a href=\\\"https://gitee.com/caozha/caozha-pinyin\\\" target=\\\"_blank\\\">https://gitee.com/caozha/caozha-pinyin</a></p><p><strong>GitHub：</strong><a href=\\\"https://github.com/cao-zha/caozha-pinyin\\\" target=\\\"_blank\\\">https://github.com/cao-zha/caozha-pinyin</a></p><p>支持本程序，请到Gitee和GitHub给我们点Star！</p><h2>功能预览</h2><h2><img src=\\\"/getimg/https/images.gitee.com/uploads/images/2020/0508/211041_af6565b3_7397417.png\\\" alt=\\\"输入图片说明\\\" title=\\\"预览\\\"/></h2><p><br/></p>', '', '/getimg/https/images.gitee.com/uploads/images/2020/0508/211041_af6565b3_7397417.png', '', 'caozha-pinyin，是一个用原生PHP写的中文转拼音的模块。中文转换拼音，支持带或不带声调，支持把ü替换为v等任意字符，支持过滤标点符号，支持使用任意符号做连接符，同时支持json、jsonp、text、xml、js等多种输出格式。', '', '', 0, 9, 0, '2020-07-23 15:15:55', 1, '邓草', '', 354, 0, 0, 1),
(12, 8, 'caozha-ip', '<p>caozha-ip，是基于原生PHP写的一套完整的IP转地址模块，支持自动获取IP，也支持查询指定IP，同时支持输出json、jsonp、text、xml、js等多种IP和地址格式，还可以细分为国家、省、市、地区，方便在各种系统里整合与调用。数据库采用MYSQL，IP地址数据来自纯真IP数据库等。</p><h3>使用方法</h3><p>MYSQL版本：</p><p>1、将src/caozha_ip.sql.zip导入到MYSQL数据库。</p><p>2、配置好src/caozha_ip.class.php数据库信息。</p><p>3、参考实例：examples/ （内含多种调用方式）</p><p>NoSQL版本（无需数据库）：</p><p>1、引入src-NoSQL/caozha_ip.class.php</p><p>2、参考实例：examples/NoSQL.php</p><h3>IP数据更新方法</h3><p>MYSQL版本：</p><p>1、网上下载最新版的纯真IP数据库，安装后打开软件，点击“解压”，得到文件：qqwry.txt，放在目录convert/里。</p><p>2、修改convert/convert.php里的数据库配置，并运行此PHP程序，执行对应的操作，即可完成IP数据的更新。</p><p>NoSQL版本（无需数据库）：</p><p>网上下载最新版的纯真IP数据库，安装后打开软件的安装目录，找到qqwry.dat，放在目录src-NoSQL/里覆盖旧数据文件即可。</p><h3>下载地址</h3><p><strong>Gitee：</strong><a href=\\\"https://gitee.com/caozha/caozha-ip\\\" target=\\\"_blank\\\">https://gitee.com/caozha/caozha-ip</a></p><p><strong>GitHub：</strong><a href=\\\"https://github.com/cao-zha/caozha-ip\\\" target=\\\"_blank\\\">https://github.com/cao-zha/caozha-ip</a><br/></p><p>支持本程序，请到Gitee和GitHub给我们点Star！</p><h3><span style=\\\"font-size: 16px;\\\">体验地址</span><br/></h3><p>IP地址归属地查询&nbsp;<a href=\\\"https://diannao.wang/tool/ip/\\\" target=\\\"_blank\\\">https://diannao.wang/tool/ip/</a></p><h3>接口预览</h3><p><img src=\\\"/getimg/https/images.gitee.com/uploads/images/2020/0508/104100_70342dc1_7397417.png\\\" alt=\\\"输入图片说明\\\" title=\\\"1\\\"/>&nbsp;<img src=\\\"/getimg/https/images.gitee.com/uploads/images/2020/0508/104113_eac0fbba_7397417.png\\\" alt=\\\"输入图片说明\\\" title=\\\"2\\\"/>&nbsp;<img src=\\\"/getimg/https/images.gitee.com/uploads/images/2020/0508/104123_e8e90e7d_7397417.png\\\" alt=\\\"输入图片说明\\\" title=\\\"3\\\"/></p><p><br/></p>', '', '/getimg/https/images.gitee.com/uploads/images/2020/0508/104100_70342dc1_7397417.png', '', 'caozha-ip，是基于原生PHP写的一套完整的IP转地址模块，支持自动获取IP，也支持查询指定IP，同时支持输出json、jsonp、txt、xml、js等多种IP和地址格式，还可以细分为国家、省、市、地区，方便在各种系统里整合与调用。数据库采用MYSQL，IP地址库来自纯真IP库等。', '', '', 0, 9, 0, '2020-07-23 15:23:49', 1, '邓草', '', 1347, 1, 0, 1),
(13, 8, 'caozha-comment（PHP评论系统）', '<p>caozha-comment，一个功能强大的评论系统，采用原生PHP编写，不依赖任何框架，特点：易上手，零门槛，界面清爽极简，极便于二次开发。</p><p>可以自动适配电脑、平板和手机等不同客户端。</p><h2 style=\\\"white-space: normal;\\\">下载地址</h2><p style=\\\"white-space: normal;\\\"><strong>Gitee：</strong><a href=\\\"https://gitee.com/caozha/caozha-comment\\\" target=\\\"_blank\\\">https://gitee.com/caozha/caozha-comment</a></p><p style=\\\"white-space: normal;\\\"><strong>GitHub：</strong><a href=\\\"https://github.com/cao-zha/caozha-comment\\\" target=\\\"_blank\\\">https://github.com/cao-zha/caozha-comment</a></p><p style=\\\"white-space: normal;\\\">支持本程序，请到Gitee和GitHub给我们点Star！</p><h2>演示地址</h2><p>本站文章评论即采用此评论系统。</p><h2>其他版本</h2><p>1、此为原生PHP编写的评论系统，如需要thinkphp版本的评论系统，请移步：<a href=\\\"http://gitee.com/caozha/caozha-tp-comment\\\" target=\\\"_blank\\\">caozha-tp-comment</a>。</p><p>2、此源码不含后台，如需要后台，请参考：<a href=\\\"http://gitee.com/caozha/caozha-admin\\\" target=\\\"_blank\\\">caozha-admin</a>，内有评论的完整后台示例。</p><h2>界面预览</h2><p><strong>评论界面（PC）：</strong></p><p><img src=\\\"/getimg/https/images.gitee.com/uploads/images/2020/0611/145140_3e613b5d_7397417.png\\\" alt=\\\"输入图片说明\\\" title=\\\"16.png\\\"/></p><p><img src=\\\"/getimg/https/images.gitee.com/uploads/images/2020/0611/135914_73eb0310_7397417.png\\\" alt=\\\"输入图片说明\\\" title=\\\"19.png\\\"/></p><p><strong><br/></strong></p><p><strong>评论界面（手机）：</strong></p><p><img src=\\\"/getimg/https/images.gitee.com/uploads/images/2020/0612/152711_77208177_7397417.jpeg\\\" alt=\\\"输入图片说明\\\" title=\\\"5.jpg\\\"/></p><p><img src=\\\"/getimg/https/images.gitee.com/uploads/images/2020/0612/152720_633821db_7397417.jpeg\\\" alt=\\\"输入图片说明\\\" title=\\\"6.jpg\\\"/></p><p><strong>评论可设置项</strong><br/></p><p><img src=\\\"/getimg/https/images.gitee.com/uploads/images/2020/0613/215106_529a1e40_7397417.png\\\" alt=\\\"输入图片说明\\\" title=\\\"7.png\\\"/></p>', '', '/getimg/https/images.gitee.com/uploads/images/2020/0612/152711_77208177_7397417.jpeg', '', 'caozha-comment，一个功能强大的评论系统，采用原生PHP编写，不依赖任何框架，特点：易上手，零门槛，界面清爽极简，极便于二次开发。 可以自动适配电脑、平板和手机等不同客户端。', '', '', 85, 9, 0, '2020-07-23 15:33:02', 1, '邓草', '', 1902, 1, 0, 1),
(14, 7, '在IIS下设置ASP启用父路径的教程', '<p>ASP开启父路径后，可以用 ../ 来表示上一层目录。如果网站程序中使用了../表示上一层目录，在不开启父路径的情况下，则ASP网站程序里会报500错误。如下图所示：</p><p><img height=\\\"150\\\" src=\\\"/getimg/https/oscimg.oschina.net/oscnet/up-6f87e4a5d7c1620f8d4ababe665fc472d1c.png\\\" width=\\\"402\\\" class=\\\"zoom-in-cursor\\\"/></p><p>IIS6启用父路径方法：打开IIS管理器——网站——右键属性——主目录——配置——选项——选择启用父路径。</p><p>IIS7.5启用父路径：打开IIS管理器——选择IIS下ASP栏目——找到启用父路径——设置为True。</p><p>Windows10下IIS如何修改ASP启用父路径的方法：</p><p>1、打开电脑的“开始”--》运行，或者按下Win+R组合键，在运行窗口里输入：&nbsp;inetmgr，按回车键。稍等一下就会弹出IIS管理器。</p><p><img height=\\\"237\\\" src=\\\"/getimg/https/oscimg.oschina.net/oscnet/up-16d495c87c47566a4b1211c0715050cb303.png\\\" width=\\\"413\\\" class=\\\"zoom-in-cursor\\\"/></p><p>2、在左侧选中需要启用父路径的站点，然后在中间的窗口中找到ASP并双击打开：</p><p><img height=\\\"759\\\" src=\\\"/getimg/https/oscimg.oschina.net/oscnet/up-0589da1231b4d2512e75ba09ab5ee6b45a2.png\\\" width=\\\"1440\\\" class=\\\"zoom-in-cursor\\\"/></p><p>2、启用父路径选择True，点击右上角的应用。</p><p><img height=\\\"759\\\" src=\\\"/getimg/https/oscimg.oschina.net/oscnet/up-a977215b54ad59eb216a91ac51e43b10a70.png\\\" width=\\\"1440\\\" class=\\\"zoom-in-cursor\\\"/></p><p>3、&nbsp;之后会提示已成功保存更改，就不会再有“不允许的父路径”这个错误提示了。去试试吧！</p><p><img height=\\\"759\\\" src=\\\"/getimg/https/oscimg.oschina.net/oscnet/up-1e4235d28928967cc080ebc6aaa5ca51752.png\\\" width=\\\"1440\\\" class=\\\"zoom-in-cursor\\\"/></p><p><br/></p>', '', '/getimg/https/oscimg.oschina.net/oscnet/up-1e4235d28928967cc080ebc6aaa5ca51752.png', '', 'ASP开启父路径后，可以用 ../ 来表示上一层目录。如果网站程序中使用了../表示上一层目录，在不开启父路径的情况下，则ASP网站程序里会报500错误。', '', '', 0, 9, 0, '2020-07-23 15:54:27', 1, '邓草', '', 129, 0, 0, 1),
(15, 7, 'Driver [Think] not supported.——ThinkPHP6.0错误解决方法', '<p>使用ThinkPHP6.0框架输出模板的时候，提示错误：</p><h1>Driver [Think] not supported.</h1><p><br/></p><p>解决方法是：</p><p>使用composer安装：composer require topthink/think-view</p><p>即可解决。</p><p><br/></p><p><img alt=\\\"\\\" height=\\\"960\\\" src=\\\"/getimg/https/oscimg.oschina.net/oscnet/up-510184a29282288ddb73fddd63450564f1f.png\\\" width=\\\"1235\\\" class=\\\"zoom-in-cursor\\\"/></p><p><br/></p>', '', '/getimg/https/oscimg.oschina.net/oscnet/up-510184a29282288ddb73fddd63450564f1f.png', '', '使用ThinkPHP6.0框架输出模板的时候，提示错误：Driver [Think] not supported。本文列出错误解决方法。', '', '', 0, 9, 0, '2020-07-23 15:56:43', 1, '邓草', '', 164, 0, 0, 1),
(16, 7, 'Spreadsheet冻结首行的方法（PHP插件）', '<p>$spreadsheet = new Spreadsheet();<br/>$sheet = $spreadsheet-&gt;getActiveSheet();<br/>$sheet-&gt;freezePane(&#39;A2&#39;);//固定首行</p>', '', '', '', '$spreadsheet = new Spreadsheet();\n$sheet = $spreadsheet->getActiveSheet();\n$sheet->freezePane(\\\'A2\\\');//固定首行', '', '', 0, 9, 0, '2020-07-23 16:00:24', 1, '邓草', '', 238, 0, 0, 1),
(18, 7, 'thinkphp6.0在wdCP无法获取session的解决方案', '<p>服务器一直用的是wdCP面板，最近用thinkphp6.0做项目，发现可以正常写入session值，但读取的时候却是空的。后面搞了半天，才研究出问题的原因，下面贴出解决方案。</p><p><br/></p><p><strong>出现这个问题的原因是：</strong></p><p>1、未设置cookie有效域名。</p><p>解决方法：打开\\\\app\\\\（应用）\\\\config\\\\cookie.php，把配置里的domain设置为您当前项目的真实的顶级域名，如果有多个应用，均需要设置。如果没有设置，就获取不到session值，验证码、登陆等等可能不正常。&nbsp;</p><p>2、wdCPv3.3.11还是使用低版本的nginx1.8.1，而nginx官方最新版都已经nginx-1.19.1了。</p><p><strong>解决方案是：</strong>升级nginx到新版即可。</p><p><br/></p><p><strong>wdcp3升级nginx版本的正确方法：</strong></p><p>1、下载sh文件<br/>wget http://down.wdlinux.cn/in/nginx_up.sh</p><p>2、运行升级文件<br/>sh&nbsp;nginx_up.sh 版本号</p><p>注意：&quot;sh&nbsp;nginx_up.sh&nbsp;版本号&quot;&nbsp;&nbsp;&nbsp;如 sh&nbsp;nginx_up.sh&nbsp;1.15.7<br/>若不带版本号默认升级到1.2.9版本,如想升级到其它的版本, 可在脚本后加上版本号,如sh&nbsp;nginx_up.sh&nbsp;1.15.7&nbsp; &nbsp;本人就升级到了1.15.7</p><p><br/></p><p><strong>升级以后的问题：</strong></p><p>nginx升级到1.15.7以上版本以后，如果您的站点启用了SSL（https），那么重启nginx时可能会报错：&nbsp;the &quot;ssl&quot; directive is deprecated, use the &quot;listen ... ssl&quot;</p><p>解决方法：打开nginx配置文件，</p><p>1、删除：&nbsp;ssl on&nbsp; 这一行</p><p>2、把开头&nbsp;&nbsp;listen 443;&nbsp; 修改成： listen 443 ssl;</p><p>3、重启nginx。</p><p><br/></p><p>如果问题仍未解决，可以尝试：<a href=\\\"https://caozha.com/show/19\\\" target=\\\"_blank\\\">thinkphp6.0无法获取session的解决方案</a></p><p><br/></p>', '', '', '', '服务器一直用的是wdCP面板，最近用thinkphp6.0做项目，发现可以正常写入session值，但读取的时候却是空的。后面搞了半天，才研究出问题的原因，下面贴出解决方案。', '', '', 0, 9, 0, '2020-07-23 16:03:41', 1, '邓草', '', 136, 0, 0, 1),
(17, 7, 'thinkphp6.0 的nginx 伪静态配置', '<p>location / {</p><p>&nbsp; &nbsp; index index.php;<br/>&nbsp; &nbsp; # thinkphp6.0 的 nginx 伪静态配置<br/>&nbsp; &nbsp; if (!-e $request_filename) {<br/>&nbsp; &nbsp; &nbsp; &nbsp;rewrite &nbsp;^(.*)$ &nbsp;/index.php?s=/$1 &nbsp;last;<br/>&nbsp; &nbsp; &nbsp; &nbsp;break;<br/>&nbsp; &nbsp; }<br/>}</p>', '', '', '', 'location / {\n\n    index index.php;\n    # thinkphp6.0 的 nginx 伪静态配置\n    if (!-e $request_filename) {\n       rewrite  ^(.*)$  /index.php?s=/$1  last;\n       break;\n    }\n}', '', '', 0, 9, 0, '2020-07-23 16:01:39', 1, '邓草', '', 1002, 0, 0, 1),
(19, 7, 'thinkphp6.0无法获取session的解决方案', '<p>thinkphp6.0无法获取session，出现这个问题的原因是：</p><p>未设置cookie有效域名。&nbsp;</p><p><strong>解决方法：</strong></p><p>打开\\\\app\\\\（应用）\\\\config\\\\cookie.php，把配置里的domain设置为您当前项目的真实的顶级域名，如果有多个应用，均需要设置。如果没有设置，就获取不到session值，验证码、登陆等等可能不正常。</p>', '', '', '', 'thinkphp6.0无法获取session，出现这个问题的原因是：未设置cookie有效域名。下面附上解决方法。', '', '', 0, 9, 0, '2020-07-23 16:06:01', 1, '邓草', '', 512, 0, 0, 1),
(20, 14, '老舍：养花', '<p style=\\\"text-indent: 2em;\\\">我爱花，所以也爱养花。我可还没成为养花专家，因为没有工夫去研究和试验。我只把养花当做生活中的一种乐趣，花开得大小好坏都不计较，只要开花，我就高兴。在我的小院子里，一到夏天满是花草，小猫只好上房去玩，地上没有它们的运动场 。</p><p style=\\\"text-indent: 2em;\\\">花虽然多，但没有奇花异草。珍贵的花草不易养活，看着一棵好花生病要死是件难过的事。北京的气候，对养花来说，不算很好。冬天冷，春天多风，夏天不是干旱就是大雨倾盆;秋天最好，可是忽然会闹霜冻。在这种气候里，想把南方的好花养活，我还没有那么大的本事。因此，我只养些好种易活、自己会奋斗的花草。</p><section><p style=\\\"text-align: center; text-indent: 0em;\\\"><img class=\\\"\\\" src=\\\"/getimg/https/mmbiz.qpic.cn/mmbiz_jpg/3N615yPPJleXfZ4rkOFlVjgjZaUYDEtnYQRoUJ4DaibLyibPeAzTA6ibZGD3ictcf98AXibA3ukPG57yJlzpIY0OCBA/640?wx_fmt=jpeg&tp=webp&wxfrom=5&wx_lazy=1&wx_co=1\\\"/></p></section><p style=\\\"text-indent: 2em;\\\">不过，尽管花草自己会奋斗，我若置之不理，任其自生自灭，它们多数还是会死了的。我得天天照管它们，像好朋友似的关切它们。一来二去，我摸着一些门道:有的喜阴，就别放在太阳地里;有的喜干，就别多浇水。这是个乐趣，摸住门道，花草养活了，而且三年五载老活着、开花，多么有意思啊!不是乱吹，这就是知识啊!多得些知识，一定不是坏事。</p><p style=\\\"text-indent: 2em;\\\">我不是有腿病吗，不但不利于行，也不利于久坐。我不知道花草们受我的照顾，感谢我不感谢;我可得感谢它们。在我工作的时候，我总是写几十个字，就到院中去看看，浇浇这棵，搬搬那盆，然后回到屋中再写一点，然后再出去，如此循环，让脑力劳动和体力劳动结合到一起，有益身心，胜于吃药。要是赶上狂风暴雨或天气突变，就得全家动员，抢救花草，十分紧张。几百盆花，都要很快地抢到屋里去，使人腰酸腿疼，热汗直流。第二天，天气好了，又得把花都搬出去，就又一次腰酸腿疼，热汗直流。可是，这多么有意思呀!不劳动，连棵花也养不活，这难道不是真理吗?</p><p style=\\\"text-indent: 2em;\\\">送牛奶的同志进门就夸&quot;好香&quot;!这使我们全家都感到骄傲。赶到昙花开放的时候，约几位朋友来看看，更有秉烛夜游的味道--昙花总在夜里开放。花分根了，一棵分为几棵，就赠给朋友们一些;看着友人拿走自己的劳动果实，心里自然特别欢喜。</p><p style=\\\"text-indent: 2em;\\\">当然，也有伤心的时候，今年夏天就有这么一回。三百棵菊秧还在地上(没到移入盆中的时候)，下了暴雨，邻家的墙倒了，菊秧被砸死三十多种，一百多棵。全家几天都没有笑容。</p><p style=\\\"text-indent: 2em;\\\">有喜有忧，有笑有泪，有花有果，有香有色。既须劳动，又长见识，这就是养花的乐趣。</p><p><br/></p><p><br/></p>', '', '/getimg/https/mmbiz.qpic.cn/mmbiz_jpg/3N615yPPJleXfZ4rkOFlVjgjZaUYDEtnYQRoUJ4DaibLyibPeAzTA6ibZGD3ictcf98AXibA3ukPG57yJlzpIY0OCBA/640?wx_fmt=jpeg&tp=webp&wxfrom=5&wx_lazy=1&wx_co=1', '', '我爱花，所以也爱养花。我可还没成为养花专家，因为没有工夫去研究和试验。我只把养花当做生活中的一种乐趣，花开得大小好坏都不计较，只要开花，我就高兴。', '', '', 0, 9, 0, '2020-07-24 17:58:54', 1, '老舍', '', 157, 0, 0, 1),
(21, 14, '张爱玲：爱', '<section><p style=\\\"text-align:center\\\"><img class=\\\"\\\" src=\\\"/getimg/https/mmbiz.qpic.cn/mmbiz_jpg/3N615yPPJleXfZ4rkOFlVjgjZaUYDEtnMwpXXCDDUk3Eic7lWxAVb76b0bYnfymvjPsfUeKEOJ1CVWSek9kwEnQ/640?wx_fmt=jpeg&tp=webp&wxfrom=5&wx_lazy=1&wx_co=1\\\"/></p></section><p style=\\\"text-indent: 2em;\\\">这是真的。</p><p style=\\\"text-indent: 2em;\\\">有个村庄的小康之家的女孩子，生得美，有许多人来做媒，但都没有说成。那年她不过十五六岁吧，是春天的晚上，她立在后门口，手扶着桃树。她记得她穿的是一件月白的衫子。对门的年轻人同她见过面，可是从来没有打过招呼的，他走了过来。离得不远，站定了，轻轻的说了一声：“哦，你也在这里吗？”她没有说什么，他也没有再说什么，站了一会，各自走开了。</p><p style=\\\"text-indent: 2em;\\\">就这样就完了。</p><p style=\\\"text-indent: 2em;\\\">后来这女子被亲眷拐子卖到他乡外县去做妾，又几次三番地被转卖，经过无数的惊险的风波，老了的时候她还记得从前那一回事，常常说起，在那春天的晚上，在后门口的桃树下，那年轻人。</p><p style=\\\"text-indent: 2em;\\\">于千万人之中遇见你所遇见的人，于千万年之中，时间的无涯的荒野里，没有早一步，也没有晚一步，刚巧赶上了，那也没有别的话可说，惟有轻轻的问一声：“哦，你也在这里吗？”</p><p><br/></p>', '', '/getimg/https/mmbiz.qpic.cn/mmbiz_jpg/3N615yPPJleXfZ4rkOFlVjgjZaUYDEtnMwpXXCDDUk3Eic7lWxAVb76b0bYnfymvjPsfUeKEOJ1CVWSek9kwEnQ/640?wx_fmt=jpeg&tp=webp&wxfrom=5&wx_lazy=1&wx_co=1', '', '于千万人之中遇见你所遇见的人，于千万年之中，时间的无涯的荒野里，没有早一步，也没有晚一步，刚巧赶上了，那也没有别的话可说，惟有轻轻的问一声：“哦，你也在这里吗？”', '', '', 0, 9, 0, '2020-07-24 18:02:29', 1, '张爱玲', '', 182, 0, 0, 0),
(22, 14, '林清玄：心田上的百合花开', '<p style=\\\"text-align: center;\\\"><img src=\\\"/uploads/image/20200727/1595832092651342.jpg\\\"/></p><p style=\\\"text-indent: 2em;\\\">在一个偏僻遥远的山谷里，有一个高达数千尺的断崖。不知道什么时候，断崖边上长出了一株小小的百合。 百合刚刚诞生的时候，长得和杂草一模一样。但是，它心里知道自己不是一株野草。 它的内心深处，有一个内在的纯洁的念头：“我是一株百合，不是一株野草。惟一能证明我是百合的方法，就是开出美丽的花朵。” 有了这个念头，百合努力地吸收水分和阳光，深深地扎根，直直地挺着胸膛。终于在一个春天的清晨，百合的顶部结出了第一个花苞。</p><p style=\\\"text-indent: 2em;\\\">百合的心里很高兴，附近的杂草却很不屑，它们在私底下嘲笑着百合：“这家伙明明是一株草，偏偏说自己是一株花，还真以为自己是一株花，我看它顶上结的不是花苞，而是头脑长瘤了。” 公开场合，它们则讥讽百合：“你不要做梦了，即使你真的会开花，在这荒郊野外，你的价值还不是跟我们一样。”</p><p style=\\\"text-indent: 2em;\\\">百合说：“我要开花，是因为我知道自己有美丽的花;我要开花，是为了完成作为一株花的庄严使命;我要开花，是由于自己喜欢以花来证明自己的存在。不管有没有人欣赏，不管你们怎么看我，我都要开花!”</p><p style=\\\"text-indent: 2em;\\\">在野草的鄙夷下，野百合努力地释放内心的能量。有一天，它终于开花了。它那灵性的洁白和秀挺的风姿，成为断崖上最美丽的颜色。这时候，野草再也不敢嘲笑它了。百合花一朵一朵地盛开着，花朵上每天都有晶莹的水珠，野草们以为那是昨夜的露水，只有百合自己知道，那是极深沉的欢喜所结的泪滴。年年春天，野百合努力地开花、结籽。它的种子随着风，落在山谷、草原和悬崖边上，到处都开满洁白的野百合。</p><p style=\\\"text-indent: 2em;\\\">几十年后，远在百里外的人，从城市，从乡村，千里迢迢赶来欣赏百合开花。许多孩童跪下来，闻嗅百合花的芬芳;许多情侣互相拥抱，许下了“百年好合”的誓言;无数的人看到这从未见过的美，感动得落泪，触动内心那纯净温柔的一角。</p><p style=\\\"text-indent: 2em;\\\">不管别人怎么欣赏，满山的百合花都谨记着第一株百合的教导：</p><p style=\\\"text-indent: 2em;\\\">“我们要全心全意默默地开花，以花来证明自己的存在。”</p><p><br/></p>', '', '/uploads/image/20200727/1595832092651342.jpg', '', '一株小小的野百合，演绎出一段美丽而又令人感动的故事。一个小小的“心灵”，为了心中那个美好的愿望，竟是如此的执著和坚韧。它，的确不是一株野草。偏僻遥远的山谷、高达数千尺的断崖，预示了野百合追求美好愿望的道路必然艰难曲折。恶劣的生长环境，并没有消磨它作为花——一棵百合的天性，虽然我爱你只有一种方式，那就是“以花来证明”。', '', '', 0, 9, 0, '2020-07-27 14:32:58', 1, '林清玄', '', 261, 0, 0, 0),
(23, 14, '巴金：鸟的天堂', '<p style=\\\"text-align: center;\\\"><img src=\\\"/uploads/image/20200727/1595833864434730.jpg\\\"/></p><p style=\\\"text-indent: 2em;\\\">我们在陈的小学校里吃了晚饭。热气已经退了。太阳落下了山坡，只留下一段灿烂的红霞在天边，在山头，在树梢。</p><p style=\\\"text-indent: 2em;\\\">“我们划船去！”陈提议说。我们正站在学校门前池子旁边看山景。</p><p style=\\\"text-indent: 2em;\\\">“好，”别的朋友高兴地接口说。</p><p style=\\\"text-indent: 2em;\\\">我们走过一段石子路，很快地就到了珠江边。那里有—个茅草搭的水阁。穿过水阁，在河边两棵大树下我们找到了几只小船。</p><p style=\\\"text-indent: 2em;\\\">我们陆续跳在一只船上。一个朋友解开绳子，拿起竹竿一拨，船缓缓地动了，向河中间流去。</p><p style=\\\"text-indent: 2em;\\\">三个朋友划着船，我和叶坐在船中望四周的景致。</p><p style=\\\"text-indent: 2em;\\\">远远地一座塔耸立在山坡上，许多绿树拥抱着它。在这附近很少有那样的塔，那里就是朋友叶的家乡。</p><p style=\\\"text-indent: 2em;\\\">河面很宽，白茫茫的水上没有波浪。船平静地在水面流动。三只桨有规律地在水里拨动。</p><p style=\\\"text-indent: 2em;\\\">在一个地方河面变窄了。一簇簇的绿叶伸到水面来。树叶绿得可爱。这是许多棵茂盛的榕树，但是我看不出树干在什么地方。</p><p style=\\\"text-indent: 2em;\\\">我说许多棵榕树的时候，我的错误马上就给朋友们纠正了，一个朋友说那里只有一棵榕树，另一个朋友说那里的榕树是两棵。我见过不少的大榕树，但是像这样大的榕树我却是第一次看见。</p><p style=\\\"text-indent: 2em;\\\">我们的船渐渐地逼近榕树了。我有了机会看见它的真面目：是一棵大树，有着数不清的桠枝，枝上又生根，有许多根一直垂到地上，进了泥土里。一部分的树枝垂到水面，从远处看，就像一棵大树躺在水上一样。</p><p style=\\\"text-indent: 2em;\\\">现在正是枝叶繁茂的时节（树上已经结了小小的果子，而且有许多落下来了。）这棵榕树好像在把它的全部生命力展览给我们看。那么多的绿叶，一簇堆在另一簇上面，不留一点缝隙。翠绿的颜色明亮地在我们的眼前闪耀，似乎每一片树叶上都有一个新的生命在颤动，这美丽的南国的树！</p><p style=\\\"text-indent: 2em;\\\">船在树下泊了片刻，岸上很湿，我们没有上去。朋友说这里是“鸟的天堂”，有许多只鸟在这棵树上做窝，农民不许人捉它们。我仿佛听见几只鸟扑翅的声音，但是等到我的眼睛注意地看那里时，我却看不见一只鸟的影子。只有无数的树根立在地上，像许多根木桩。地是湿的，大概涨潮时河水常常冲上岸去。“鸟的天堂”里没有一只鸟，我这样想道。船开了。一个朋友拨着船，缓缓地流到河中间去。</p><p style=\\\"text-indent: 2em;\\\">在河边田畔的小径里有几棵荔枝树。绿叶丛中垂着累累的红色果子。我们的船就往那里流去。一个朋友拿起桨把船拨进一条小沟。在小径旁边，船停住了，我们都跳上了岸。</p><p style=\\\"text-indent: 2em;\\\">两个朋友很快地爬到树上去，从树上抛下几枝带叶的荔枝，我同陈和叶三个人站在树下接。等到他们下地以后，我们大家一面吃荔枝，一面走回船上去。</p><p style=\\\"text-indent: 2em;\\\">第二天我们划着船到叶的家乡去，就是那个有山有塔的地方。从陈的小学校出发，我们又经过那个“鸟的天堂”。</p><p style=\\\"text-indent: 2em;\\\">这一次是在早晨，阳光照在水面上，也照在树梢。一切都显得非常明亮。我们的船也在树下泊了片刻。</p><p style=\\\"text-indent: 2em;\\\">起初四周非常清静。后来忽然起了一声鸟叫。朋友陈把手一拍，我们便看见一只大鸟飞起来，接着又看见第二只，第三只。我们继续拍掌。很快地这个树林变得很热闹了。到处都是鸟声，到处都是鸟影。大的，小的，花的，黑的，有的站在枝上叫，有的飞起来，有的在扑翅膀。</p><p style=\\\"text-indent: 2em;\\\">我注意地看。我的眼睛真是应接不暇，看清楚这只，又看漏了那只，看见了那只，第三只又飞走了。一只画眉鸟飞了出来，给我们的拍掌声一惊，又飞进树林，站在一根小枝上兴奋地唱着，它的歌声真好听。</p><p style=\\\"text-indent: 2em;\\\">“走吧，”叶催我道。</p><p style=\\\"text-indent: 2em;\\\">小船向着高塔下面的乡村流去的时候，我还回过头去看留在后面的茂盛的榕树。我有一点的留恋的心情。昨天我的眼睛骗了我。“鸟的天堂”的确是鸟的天堂啊！</p><p><br/></p>', '', '/uploads/image/20200727/1595833864434730.jpg', '', '作者与朋友们在“鸟的天堂”，看了数不清的鸟，心里恋恋不舍，以清新流畅之笔，发掘和描绘了自然胜景之美，寄托了自己美好的情思，创造出一种清丽悠远的意境。同时，作者不是孤立地描绘这“鸟的天堂”，而是把它放在南国初夏水乡的夕照、青山、塔影、波光、田畴、朝暾的联系、烘托下加以凸显的。全文虽用语简朴无华，平铺直叙，却到处呈现出如诗似画的美趣，流贯着一种祥和宁静而又生机勃勃的田园牧歌情调。', '', '', 0, 9, 0, '2020-07-27 14:58:51', 1, '巴金', '', 477, 0, 0, 0),
(24, 7, 'phpstudy安装php8.0和php8.1的方法（内含VC运行库）', '<p style=\\\"box-sizing: inherit; margin-top: 0px; margin-bottom: 20px; line-height: inherit; color: rgb(51, 51, 51); font-family: -apple-system, BlinkMacSystemFont, \\\"><span style=\\\"box-sizing: inherit; font-weight: 700;\\\">phpstudy8.1安装php8.0.14nts和php8.1.1nts的方法</span></p><p style=\\\"box-sizing: inherit; margin-top: 0px; margin-bottom: 20px; line-height: inherit; color: rgb(51, 51, 51); font-family: -apple-system, BlinkMacSystemFont, \\\">phpstudy 8.1是个很好用的PHP集成环境软件，可惜官方一年多没更新了，官方只支持到PHP7.4，因为近期项目需要用到PHP8.1，所以自己动手配置了，考虑到很多网友可能也有这个需要，所以这里共享一下phpstudy8.1快速配置php8.0和php8.1的方法。</p><p style=\\\"box-sizing: inherit; margin-top: 0px; margin-bottom: 20px; line-height: inherit; color: rgb(51, 51, 51); font-family: -apple-system, BlinkMacSystemFont, \\\">安装说明：</p><p style=\\\"box-sizing: inherit; margin-top: 0px; margin-bottom: 20px; line-height: inherit; color: rgb(51, 51, 51); font-family: -apple-system, BlinkMacSystemFont, \\\">1、<span style=\\\"box-sizing: inherit; color: rgb(20, 25, 30);\\\">下载本人已制作好的安装包（</span><span style=\\\"box-sizing: inherit; font-weight: 700;\\\">phpstudy安装php8.0和php8.1的集成包（内含VC运行库，X64）</span><span style=\\\"box-sizing: inherit; color: rgb(20, 25, 30);\\\">），在本文最后有下载地址。<br/>&nbsp; &nbsp; &nbsp;</span>首先确保phpstudy 8.1（其他版本没测试，可自行测试）安装在默认目录，即：D:\\\\phpstudy_pro\\\\。<br/>&nbsp; &nbsp; &nbsp;如果不是默认目录，可以自行修改php.ini文件，将里面的：extension_dir = &quot;D:\\\\phpstudy_pro\\\\Extensions\\\\php\\\\php8.0.14nts\\\\ext&quot; 修改为对应的目录即可。</p><p style=\\\"box-sizing: inherit; margin-top: 0px; margin-bottom: 20px; line-height: inherit; color: rgb(51, 51, 51); font-family: -apple-system, BlinkMacSystemFont, \\\">2、直接复制php8.0.14nts和php8.1.1nts两个文件夹到：D:\\\\phpstudy_pro\\\\Extensions\\\\php</p><p style=\\\"box-sizing: inherit; margin-top: 0px; margin-bottom: 20px; line-height: inherit; color: rgb(51, 51, 51); font-family: -apple-system, BlinkMacSystemFont, \\\">3、安装VC运行库：双击目录里的“VC_redist.x64--Visual Studio 2015、2017、2019 和 2022 年.exe”文件安装。</p><p style=\\\"box-sizing: inherit; margin-top: 0px; margin-bottom: 20px; line-height: inherit; color: rgb(51, 51, 51); font-family: -apple-system, BlinkMacSystemFont, \\\">4、重启phpstudy 8.1，即可选新安装的PHP版本了。</p><p style=\\\"box-sizing: inherit; margin-top: 0px; margin-bottom: 20px; line-height: inherit; color: rgb(51, 51, 51); font-family: -apple-system, BlinkMacSystemFont, \\\">PS：如果重启phpstudy后PHP8仍不可用，请确认已经安装完成VC运行库。（测试方法：可以双击php.exe看看能否运行）</p><p style=\\\"box-sizing: inherit; margin-top: 0px; margin-bottom: 20px; line-height: inherit; color: rgb(51, 51, 51); font-family: -apple-system, BlinkMacSystemFont, \\\"><span style=\\\"box-sizing: inherit; font-weight: 700;\\\">php8.0和php8.1 for phpStudy（小皮面板）（内含所需VC运行库）</span></p><p style=\\\"box-sizing: inherit; margin-top: 0px; margin-bottom: 20px; line-height: inherit; color: rgb(51, 51, 51); font-family: -apple-system, BlinkMacSystemFont, \\\"><span style=\\\"box-sizing: inherit; font-weight: 700;\\\">下载地址：</span></p><p style=\\\"box-sizing: inherit; margin-top: 0px; margin-bottom: 20px; line-height: inherit; color: rgb(51, 51, 51); font-family: -apple-system, BlinkMacSystemFont, \\\">Gitee：<a href=\\\"https://gitee.com/caozha/php8.0-8.1-for-phpstudy\\\">https://gitee.com/caozha/php8.0-8.1-for-phpstudy</a></p><p style=\\\"box-sizing: inherit; margin-top: 0px; margin-bottom: 20px; line-height: inherit; color: rgb(51, 51, 51); font-family: -apple-system, BlinkMacSystemFont, \\\">Github：<a href=\\\"https://github.com/cao-zha/php8.0-php8.1-for-phpStudy\\\">https://github.com/cao-zha/php8.0-php8.1-for-phpStudy</a></p><p style=\\\"box-sizing: inherit; margin-top: 0px; margin-bottom: 20px; line-height: inherit; color: rgb(51, 51, 51); font-family: -apple-system, BlinkMacSystemFont, \\\">百度网盘：<a href=\\\"https://pan.baidu.com/s/1cY4T1i5Pmxlz_v7kNtnk_A\\\">https://pan.baidu.com/s/1cY4T1i5Pmxlz_v7kNtnk_A</a>&nbsp;&nbsp;&nbsp;（提取码: vizu）</p><p style=\\\"box-sizing: inherit; margin-top: 0px; margin-bottom: 0px; line-height: inherit; color: rgb(51, 51, 51); font-family: -apple-system, BlinkMacSystemFont, \\\">CSDN：<a href=\\\"https://download.csdn.net/download/qq363685855/78306560\\\">https://download.csdn.net/download/qq363685855/78306560</a></p><p><br/></p>', '', '', '', '', '', '', 0, 9, 0, '2022-01-29 22:55:41', 1, '', '', 47, 0, 0, 0),
(25, 2, '椰子树与平等', '<p>&nbsp;　　二十多年前，我在云南插队。当地气候炎热，出产各种热带水果，就是没有椰子。整个云南都不长椰子，根据野史记载，这其中有个缘故。据说，在三国以前，云南到处都是椰子，树下住着幸福的少数民族。众所周知，椰子有很多用处，椰茸可以当饭吃，椰子油也可食用。椰子树叶里的纤维可以织粗糙的衣裙，椰子树干是木材。这种树木可以满足人的大部分需要，当地人也就不事农耕，过着悠闲的生活。忽一日，诸葛亮南征来到此地，他要教化当地人，让他们遵从我们的生活方式：干我们的活，穿我们的衣服，服从我们的制度。这件事起初不大成功，当地人没看出我们的生活方式有什么优越之处。首先，秋收春种，活得很累，起码比摘椰子要累；其次，汉族人的衣着在当地也不适用。就以诸葛先生为例，那身道袍料子虽好，穿在身上除了捂汗和捂痱子，捂不出别的来；至于那顶道冠，既不遮阳，也不挡雨，只能招马蜂进去做窝。当地天热，摘两片椰树叶把羞处遮遮就可以了。至于汉朝的政治制度，对当地的少数民族来说，未免太过烦琐。诸葛先生磨破了嘴皮子，言必称孔孟，但也没人听。他不觉得自己的道理不对，却把帐算在了椰子树身上：下了一道命令，一夜之间就把云南的椰树砍了个精光；免得这些蛮夷之人听不进圣贤的道理。没了这些树，他说话就有人听了——对此，我的解释是，诸葛亮他老人家南征，可不是一个人去的，还带了好多的兵，砍树用的刀斧也可以用来砍人，砍树这件事说明他手下的人手够用，刀斧也够用。当地人明白了这个意思，就怕了诸葛先生。我这种看法你尽可以不同意——我知道你会说，诸葛亮乃古之贤人，不会这样赤裸裸地用武力威胁别人；所以，我也不想坚持这种观点。</p><p>&nbsp;</p><p>　　对于此事，野史上是这么解释的：蛮夷之人，有些稀奇之物，就此轻狂，胆敢渺视天朝大邦；没了这些珍稀之物，他们就老实了。这就是说，云南人当时犯有轻狂的毛病，这是一种道德缺陷。诸葛先生砍树，是为了纠正这种毛病，是为他们好。我总觉得这种说法有点太过惊世骇俗。人家有几样好东西，活得好一点，心情也好一点，这就是轻狂；非得把这些好东西毁了，让人家心情沉痛，这就是不轻狂——我以为这是野史作者的意见，诸葛先生不是这样的人。</p><p>&nbsp;</p><p>　　野史是不能当真的，但云南现在确实没有椰子，而过去是有的。所以这些椰树可能是诸葛亮砍的。假如这不是耍野蛮，就该有种道义上的解释。我觉得诸葛亮砍椰子时，可能是这么想的：人人理应生来平等，但现在不平等了：四川不长椰树，那里的人要靠农耕为生；云南长满了椰树，这里的人就活得很舒服。让四川也长满椰树，这是一种达到公平的方法，但是限于自然条件，很难做到。所以，必需把云南的椰树砍掉，这样才公平。假如有不平等，有两种方式可以拉平：一种是向上拉平，这是最好的，但实行起来有困难；比如，有些人生来四肢健全，有些人则生有残疾，一种平等之道是把所有的残疾人都治成正常人，这可不容易做到。另一种是向下拉平，要把所有的正常人都变成残疾人就很容易：只消用铁棍一敲，一声惨叫，这就变过来了。诸葛先生采取的是向下拉平之道，结果就害得我吃不上椰子。在云南时，我觉得嘴淡时就啃几个木瓜。木瓜淡而无味，假如没熟透，啃后满嘴都是麻的。但我没有抱怨木瓜树，这种树内地也是不长的。假如它的果子太好吃，诸葛先生也会把它砍光啦。</p><p>&nbsp;</p><p>　　我这篇文章题目在说椰子，实质在谈平等问题，挂羊头卖狗肉，正是我的用意。人人理应生来平等，这一点人人都同意。但实际上是不平等的，而且最大的不平等不是有人有椰子树，有人没有椰子树。如罗素先生所说，最大的不平等是知识的差异——有人聪明有人笨，这就是问题之所在。这里所说的知识、聪明是广义的，不单包括科学知识，还包括文化素质，艺术的品味，等等。这种椰子树长在人脑里，不光能给人带来物质福利，还有精神上的幸福；这后一方面的差异我把它称为幸福能力的差异。有些作品，有些人能欣赏，有些人就看不懂，这就是说，有些人的幸福能力较为优越。这种优越最招人嫉妒。消除这种优越的方法之一就是给聪明人头上一闷棍，把他打笨些。但打轻了不管用，打重了会把脑子打出来，这又不是我们的本意。另一种方法则是：一旦聪明人和傻人起了争执，我们总说傻人有理。久而久之，聪明人也会变傻。这种法子现在正用着呢。&nbsp;</p><p><br/></p>', '', '/static/skin/blue/images/pic10.jpg', '', '二十多年前，我在云南插队。当地气候炎热，出产各种热带水果，就是没有椰子。整个云南都不长椰子，根据野史记载，这其中有个缘故。据说，在三国以前，云南到处都是椰子，树下住着幸福的少数民族。众所周知，椰子有很多用处，椰茸可以当饭吃，椰子油也可食用。椰子树叶里的纤维可以织粗糙的衣裙，椰子树干是木材。这种树木可以满足人的大部分需要，当地人也就不事农耕，过着悠闲的生活。忽一日，诸葛亮南征来到此地，他要教化当地人，让他们遵从我们的生活方式：干我们的活，穿我们的衣服，服从我们的制度。', '', '', 0, 9, 0, '2022-03-21 23:29:00', 1, '王小波', '', 16, 0, 1, 0),
(26, 1, '林清玄：世间所有的遗憾，都是成全', '<p>　　在北京，刚刚飘起小雪的日子，听说更北的地方还有一波寒流将至。北京人对北方来的沙尘暴感到厌烦，对于寒流则是早有准备。</p><p><br/></p><p>　　围炉吃火锅，是对寒流最好的准备了。在水汽蒸腾的火锅店，人人面红耳赤，有的还冒着大汗，吐出的烟气则在玻璃落地窗上结成浓浓的雾，外面的景物一时隐去，只剩下明灭的车灯疾驰照射。</p><p><br/></p><p>　　我喜欢雾气迷离的火锅店的感觉，尤其是没有太多现代装潢的火锅店，依稀使人回到素朴而单纯的年代，没有那么多的商业，没有那么多的庸俗，没有那么多的烦琐与刻板。</p><p><br/></p><p>　　有的，只是一片活气。</p><p><br/></p><p>　　北京的朋友知道我喜欢吃火锅，特地带我去一家城西的老店，红灯笼、黄木板，每一桌上都有一座热腾腾的铜锅。锅子的烟囱高耸，烟囱的盖子大开，烧滚的锅子热汽滚滚，弥漫在整个屋子。</p><p><br/></p><p>　　朋友点了一个大号的酸菜白肉锅，加了几盘羊肉，一些牛肉卷饼，然后把菜单推到我的面前，叫我点一些菜。</p><p>（美文精选网：www.meiwenjx.com）</p><p><br/></p><p>　　我点了几个菜，特别点了爆炒黄鳝和韭黄炒鳝。</p><p><br/></p><p>　　跑堂的过来，看了菜单，好意地探询：“先生，您点了两道鳝鱼呢!”</p><p><br/></p><p>　　“对了，我喜欢吃鳝鱼!”</p><p><br/></p><p>　　北京厨子炒的鳝鱼果然美味，香、脆、鲜美，骨头也剔得干净，没有一点渣子。</p><p><br/></p><p>　　“老师怎么爱吃鳝鱼的呢?”北京的朋友问。</p><p>（美文精选网：www.meiwenjx.com）</p><p><br/></p><p>　　我沉思了一下，就在水汽淋漓的火锅店里，简单地说起一段往事。</p><p><br/></p><p>　　小时候，我家门前的“亭仔脚”(就是屋檐下)，摆了一个鳝鱼摊子，专卖炒鳝鱼和鳝鱼面。摊子黄昏才开张，正是我放学返家的时间，远远地就会看到爆炒鳝鱼的大烟，嗅觉似乎与视觉同时抵达，香味猛然蹿进我的鼻子，把我勾到摊子前面，我便低着头绕过巷子，回到家里。</p><p><br/></p><p>　　为什么要低着头呢?</p><p><br/></p><p>　　因为炒鳝鱼的价钱很贵，我们根本吃不起。不要说炒鳝鱼，连鳝鱼面也吃不起，我们家兄弟姊妹就有十八个，一人吃一碗面，恐怕是一星期的饭钱了。</p><p><br/></p><p>　　这还不打紧，妈妈经常向卖鳝鱼的妇人央求拜托，杀了鳝鱼剩下的骨头，一定要留给我们，妈妈深信鳝鱼的骨头充满钙质，还有各种维生素，对我们这些正在成长的孩子，大有帮助。</p><p><br/></p><p>　　每天晚上，妈妈总会从鳝鱼摊提回一大袋的骨头，洗也不洗地丢到大锅熬煮。</p><p><br/></p><p>　　“为什么洗也不洗?”</p><p><br/></p><p>　　因为，妈妈说鳝鱼骨头上还带着鲜血，那是最为滋补的，洗净多么可惜!</p><p><br/></p><p>　　熬过两三个小时，鳝鱼骨头几乎在锅中化去，汤水成咖啡色，水面上浮着油花，这时，妈妈会撒一把葱花，关火。</p><p><br/></p><p>　　鳝骨汤熬成时，夜已经深了。</p><p><br/></p><p>　　妈妈把我们叫到灶间，一人一碗汤，再配上她在另一家面包店要来的面包皮，在锅里炙热了，变成香味扑鼻的饼干。我们细细地咀嚼面包皮，配着清甜香浓的鱼骨汤，深深感觉到生活的幸福。虽然吃不起鳝鱼与面包，但是鳝鱼与面包是有钱就吃得到，鳝鱼骨和面包皮却是只有深爱我们的妈妈才做得出来。</p><p><br/></p><p>　　只要卖鳝鱼的来摆摊，我们一定会喝鳝鱼骨汤，奇特的是，我从来没有喝腻过，而且一直觉得这是人间至极的美味。</p><p><br/></p><p>　　妈妈担心我们会吃腻，有时会在汤里加点竹笋，或下点蛋花;有时会用豆腐红烧，或与萝卜同卤……虽然用的都是普通的食材，却充满了美味的魔术。</p><p><br/></p><p>　　最神奇的，算是炸鳝鱼骨了。</p><p><br/></p><p>　　鳝鱼骨本来是歪曲扭动的，下了油锅时突然被拉直了，一条一条就像薯条一样，起锅时撒一些胡椒、盐，香、酥、脆，真是美味极了。</p><p><br/></p><p>　　我吃了好几年的鳝鱼骨头，一直到我去外地念书，偶尔回到乡下，喝到妈妈亲手熬的汤，总是觉得美味如昔，心中更是充满了感动，妈妈把深情与爱熬入了那平凡的汤，使我们身强体健，在普遍营养不良的乡下孩子中，我们总是气色红润，精神饱满。</p><p><br/></p><p>　　“也许是小时候吃不到鳝鱼，长大之后，只要到馆子吃饭，看到有卖鳝鱼，总会点两道来吃，一边吃就会一边怀念起那一段艰苦的岁月。”我对北京的朋友说。</p><p><br/></p><p>　　大家听得入神，纷纷夹起鳝鱼，细细咀嚼，当然，有故事加味，鳝鱼也变得别有滋味了。</p><p><br/></p><p>　　吃完火锅，在飘着小雪的北京街头漫步，想到我们的生命正是这些看似微贱的东西，累积出一些无价的意义，使我们感到丰盈。</p><p><br/></p><p>　　谁能告诉我鳝鱼骨头一斤多少钱?面包皮一袋多少钱?市场里捡来的青菜一斤多少钱?</p><p><br/></p><p>　　只要有爱，就是无价的。</p><p><br/></p><p>　　我想到，也是飘着细雪的寒夜，我在日本旅行，搭巴士从大阪到东京，在中途的休息站，有小摊在卖“炸鳗鱼骨”。</p><p><br/></p><p>　　原来，日本人爱吃鳗鱼饭，剔出来的鳗鱼骨弃之可惜，有人收集鳗鱼骨油炸出售，竟成许多人爱吃的美食，甚至在日本有很多连锁店。</p><p><br/></p><p>　　我买了一包，坐上巴土，继续往东京的旅途。车子高速前进，</p><p><br/></p><p>　　我品尝这包五百元日币的鳗鱼骨，大为吃惊，与我妈妈炸的鳝鱼骨，滋味一模一样，香、酥、脆。</p><p><br/></p><p>　　巴士高速前进，公路边的灯火如流，思及岁月也是如流，生命里也有许多忧伤的寒夜，我强烈地想念妈妈，想念妈妈如何勤俭持家照护我们长大，想念鳝鱼骨的滋味。</p><p><br/></p><p>　　妈妈早已离世，在异国的雪夜中，我想到再也喝不到清炖的鳝鱼骨汤，再也不能，一口一口，细细体会妈妈的深情。</p><p><br/></p><p>　　想着想着，我的眼泪一滴一滴地落下，像窗外的雪花。</p><p><br/></p><p>　　生活中遇到的不完美与不平衡，都是人生最好的启蒙，就如同乌云与暴风雨是天空最好的启示一般。</p><p><br/></p>', '', '/static/skin/blue/images/newspic01.jpg', '', '在北京，刚刚飘起小雪的日子，听说更北的地方还有一波寒流将至。北京人对北方来的沙尘暴感到厌烦，对于寒流则是早有准备。', '', '', 0, 9, 0, '2022-03-21 23:31:34', 1, '', '', 9, 0, 0, 0),
(27, 1, '莫言：来不及等待', '<p>　　多年前我跟一位同学谈话。那时他太太刚去世不久，他告诉我说，他在整理他太太的东西的时候，发现了一条丝质的围巾，那是他们去纽约旅游时，在一家名牌店买的。</p><p><br/></p><p>　　那是一条雅致、漂亮的名牌围巾，高昂的价格卷标还挂在上面，他太太一直舍不得用，她想等一个特殊的日子才用。</p><p><br/></p><p>　　讲到这里，他停住了，我也没接话，好一会儿后他说：“再也不要把好东西留到特别的日子才用，你活着的每一天都是特别的日子。”</p><p><br/></p><p>　　以后，每当想起这几句话时，我常会把手边的杂事放下，找一本小说，打开音响，躺在沙发上，抓住一些自己的时间。我会从落地窗欣赏淡水河的景色，不去管玻璃上的灰尘，我会拉着家人到外面去吃饭，不管家里的饭菜该怎么处理。生活应当是我们珍惜的一种经验，而不是要捱过去的日子。</p><p><br/></p><p>　　我曾将这段谈话与一位女士分享。后来见面时，她告诉我她现在已不像从前那样，把美丽的瓷具放在酒柜里了。以前她也以为要留到特别的日子才拿出来用，后来发现那一天从未到来。“将来”“总有一天”已经不存在于她的字典里了。如果有什么值得高兴的事，有什么得意的事，她现在就要听到，就要看到。</p><p><br/></p><p>　　我们常想跟老朋友聚一聚，但总是说“找机会”。</p><p><br/></p><p>　　我们常想拥抱一下已经长大的小孩，但总是等适当的时机。</p><p><br/></p><p>　　我们常想写信给另外一半，表达浓郁的情意，或者想让他知道你很佩服他，但总是告诉自己不急。</p><p><br/></p><p>　　其实每天早上我们睁开眼睛时，都要告诉自己这是特别的一天。每一天，每一分钟都是那么可贵。</p><p><br/></p><p>　　有句台词说：你该尽情地跳舞，好像没有人看一样。你该尽情地爱人，好像从来不会受伤害一样。生活本该如此!</p><p><br/></p>', '', '/uploads/image/20210408/1617863245757010.jpg', '', '多年前我跟一位同学谈话。那时他太太刚去世不久，他告诉我说，他在整理他太太的东西的时候，发现了一条丝质的围巾，那是他们去纽约旅游时，在一家名牌店买的。', '', '', 0, 9, 0, '2022-03-21 23:39:57', 1, '', '', 9, 0, 0, 0),
(28, 15, '冯骥才：雪地里的脚印', '<p>&nbsp; &nbsp; &nbsp; 五十年前我住一小院，乃昔日大户人家的佣人房，只是外跨一个小院的区区一间斗室而已。然时有友人来访，相谈文章绘事，其乐融融。那时穷，聊天不用钱，痛痛快快古今中外一通大聊特聊，亦真正的大餐。 一天，下了一天的雪，下班很晚，回到家待要开门时，见雪地上一些脚印。肯定有人来访，被我敲不开的门板拒绝走了。从脚印很难认出来访者是谁，我却看出是一位陈姓的友人，他是跛足，这雪地上的脚印不对称，一正一斜，一深一浅，一准是他！可是他家住得远，从不骑车，为何大雪天蹒跚地来找我，或有急事？ 我没有开门进家，掉头骑车去找他。他见了我非常高兴。我却急着问他找我何事。“接着聊雪莱聊惠特曼啊，我又有许多话想跟你聊。”他快活地说，说完又好奇地问我，“你怎么知道我去找你？没有人看见我啊。” 我想告诉他，但不便直说，只说了一句：“还得谢谢今天这场漫天的大雪——一片洁白。” 他怔了一下，跟着明白了，微笑着去给我倒了一杯热水。</p>', '', '/uploads/image/20200727/1595832092651342.jpg', '', '五十年前我住一小院，乃昔日大户人家的佣人房，只是外跨一个小院的区区一间斗室而已。然时有友人来访，相谈文章绘事，其乐融融。那时穷，聊天不用钱，痛痛快快古今中外一通大聊特聊，亦真正的大餐。', '', '', 0, 9, 0, '2022-03-21 23:48:28', 1, '', '', 1, 0, 0, 0),
(29, 15, '王小妮：瘦人', '<p>&nbsp; &nbsp; &nbsp; &nbsp;有一个人，天生瘦，而周围的胖人越来越多，他感觉有遭人怨恨。 他们说：真是看不懂，什么时代了，还这么瘦，你和我们有多大的仇？ 他赶紧说：不是不是，一顿也没少吃。 他们摇头：不，一定是哪儿不对，不热爱食物，活着，有意思吗？ 他赶紧解释：我爸就瘦。 这么一说，对方反而更气愤了。 渐渐他应酬少了，除非推不掉的。 一次发小聚餐，一进餐厅，就见黑压压一圈胖子，他们把他按进圈椅。酒过三巡，曾经最要好的一个忽然怒气冲天说：看他那身骨头，别挡着，今天我要揍他！ 瘦人连忙趁着乱，逃走了。 第二天，瘦人去小学校接儿子，远远听人喊儿子的名字，昨天那伙发小正围着铁栅门指指点点：就是那个，就是那个，就是那个。 这时候，瘦人背后传出笑声：看见那小崽子，我就放心了。 瘦人回头仰望，背后并不见有谁。而他的衣襟被紧紧拧住，儿子一侧小脸撑得圆鼓：猪肉干，几个叔叔给的。 瘦人没出声，攥住儿子胖乎乎的手，越走越快。</p>', '', '/uploads/image/20200727/1595832092651342.jpg', '', '有一个人，天生瘦，而周围的胖人越来越多，他感觉有遭人怨恨。 他们说：真是看不懂，什么时代了，还这么瘦，你和我们有多大的仇？ 他赶紧说：不是不是，一顿也没少吃。 他们摇头：不，一定是哪儿不对，不热爱食物，活着，有意思吗？ 他赶紧解释：我爸就瘦。 这么一说，对方反而更气愤了。 渐渐他应酬少了，除非推不掉的。 一次发小聚餐，一进餐厅，就见黑压压一圈胖子，他们把他按进圈椅。酒过三巡，曾经最要好的一个忽然怒气冲天说：看他那身骨头，别挡着，今天我要揍他！ 瘦人连忙趁着乱，逃走了。 第二天，瘦人去小学校接儿子，远远听人喊儿子的名字，昨天那伙发小正围着铁栅门指指点点：就是那个，就是那个，就是那个。 这时候，瘦人背后传出笑声：看见那小崽子，我就放心了。 瘦人回头仰望，背后并不见有谁。而他的衣襟被紧紧拧住，儿子一侧小脸撑得圆鼓：猪肉干，几个叔叔给的。 瘦人没出声，攥住儿子胖乎乎的手，越走越快。', '', '', 0, 9, 0, '2022-03-21 23:49:28', 1, '', '', 6, 0, 0, 0),
(30, 11, '朱山坡：三天续命术', '<p>&nbsp; &nbsp; &nbsp; &nbsp; 我的外公十三岁便成了闭师傅的关门弟子。闭师傅名满京城，最受人称道的法术便是“三天续命术”。就是那些刚被午门斩首的人，虽然已经身首异处，但如果及时将他的身体和首级送到闭师傅手上，闭师傅能将身首缝接上，让他还可以多活三天，一样能行走、说话，跟斩首前没有多大区别。但三天后便倒地身亡，变成一堆散发着恶臭的腐肉。 当然，闭师傅不轻易干这种事，除非被斩首者是天大的英雄，而且还有天大的心愿可以在三天内完成。 有一天夜里，外公听到有人擂门，赶紧起床。他被眼前的情景惊呆了。昏暗的灯光中他看到半截人的身子站在门口，一袭长衫，身材魁梧，但脖子以上的首级不见了，只余下一个碗大的口子。再看，那人右手提着自己的首级，眼睛还睁着，一脸的不甘心。 “请闭师傅给我续命三天！”那首级的嘴巴居然张开说话。 闭师傅在屋里传出声音：“不了。头颅既砍，说明命已该绝，你安心去吧。我早已经不逆天行事。” 闭师傅既然拒绝，外公当然要关门谢客。但那首级大声对闭师傅说我是谭嗣同！ 静默了好久，闭师傅才叹息一声：那请你进来吧。外公把那人领进门。闭师傅将他扶进斋房，并砰一声将门关上。拂晓时，外公梦里感觉到有人从身边走过，眼开眼睛，果然是有一个人从他身边翩然而去。外公认得出来，就是昨夜进来的那个人，只是他的身首和好如初，背影比进来时更加高大。 一夜秋风，街头满地黄叶。那人手握长刀，走得很匆忙。 第三天，外公发现闭师傅死在他的书斋里。死的时候，还端坐着，像一尊佛陀。</p>', '', '/uploads/image/20200802/1596349770901828.jpg', '', '我的外公十三岁便成了闭师傅的关门弟子。闭师傅名满京城，最受人称道的法术便是“三天续命术”。就是那些刚被午门斩首的人，虽然已经身首异处，但如果及时将他的身体和首级送到闭师傅手上，闭师傅能将身首缝接上，让他还可以多活三天，一样能行走、说话，跟斩首前没有多大区别。', '', '', 0, 9, 0, '2022-03-21 23:50:46', 1, '', '', 9, 0, 0, 0),
(31, 6, '万家丽地铁站_何立伟', '<p>&nbsp; &nbsp; &nbsp; &nbsp;魏鱼经常在微信里发诗给我看，旧体，七律，写的像曹孟德的《观沧海》，气象大。 魏鱼在上海交大念的硕士，导师要他继续读博，导师说你是块读书的料。但是魏鱼不想读书了，他来到他哥哥巨大的公司，做了行政副总裁，打杰尼亚领带，开奔驰S600。后来，他哥哥巨大的公司垮掉了，坍塌的声音也是巨大。他落魄了，到绿地做房产营销，最后，从上海回到了长沙。遇到他，没了杰尼亚同奔驰，依然声高，说最近接了一个大工程，做万家丽地铁站。又加我微信，说要发诗给我看，指教呵。有天晚上他同朋友打麻将，打着打着朝后一仰，人就瞬间没了。 几年后有天经过他说起过的那个地铁站，有人上车，有人下车，也有人在一个忽然里，说没有就没有了。 他的诗写得真好。</p>', '', '', '', '', '', '', 0, 9, 0, '2022-03-21 23:53:26', 1, '', '', 1, 0, 0, 0),
(32, 6, '兜圈_鲁引弓', '<p>32岁的杨帅，去年一整年都在相亲，他说，我见了120个女人，几乎每个都向我提出了“房子”。 走在相亲路上的他，像拎着一只打水的竹篮。他由此看清了这事的逻辑。 从今年春天起，他从婚介所收兵，向楼市进军。凑钱、借钱、冻资、验资，摇号。没中。继续。 在摇到万念俱灭的第23次时，他终于中了，轮到选房时，只剩80平米，总价286万元，首付85万元，远超他预算。他省吃俭用的这些年攒了40万元。 摇号那么辛苦，岁月那么逼人，放弃是不可以的。当5位弟兄给他凑了15万，好心肠的公司老板借他30万后，他还是没有笑容。他在呢喃，月供一万五。以他一万一的月薪，抵扣公司借款3年，仍无法覆盖，每天还要吃饭呢。 朋友们建议，赶紧去找个女朋友一起还贷，或者你的月薪还贷，她的工资给你吃饭。 他脸上有似哭似笑的表情，压根儿不像百万房产的主。他说，好像兜了个圈。 所以，这个冬天，他又开始了四处相亲。远远看去，他就像拿着一只焦灼的空饭碗。</p>', '', '', '', '', '', '', 0, 9, 0, '2022-03-21 23:55:09', 1, '', '', 1, 0, 0, 0),
(33, 6, '海的女儿', '<p>&nbsp; &nbsp; &nbsp; &nbsp;小人鱼为了能和自己所爱的陆地上的王子在一起．用自己美妙的嗓音和三百年的生命换来了巫婆的药酒，于是，她有了一双美丽的脚，每走一步就像走在碎玻璃上一样疼痛。眼看着王子和别人结婚，她宁可牺牲自己的生命，也要为王子祝福。</p>', '', '', '', '', '', '', 0, 9, 0, '2022-03-21 23:56:11', 1, '', '', 1, 0, 0, 0),
(34, 6, '老爹做的事总是对的', '<p>&nbsp; &nbsp; &nbsp; &nbsp;在不同的人那里，对快乐的看法是那么的不一样。而在对快乐看法一致的人那里，生活在一起真是一种幸福。老爹用一匹好马换来了一头奶牛，又用奶牛换回了一只鹅，用鹅换了鸡，最后用鸡换回了一麻袋苹果，老伴竟对老爹的做法非常认同并亲吻了他，和老爹打赌老伴会生气的两位绅士输了，认识到他们是真的非常幸福，由此改变了看法。</p>', '', '', '', '', '', '', 0, 9, 0, '2022-03-21 23:56:55', 1, '', '', 2, 0, 0, 0),
(35, 6, '肉肠签子汤', '<p>&nbsp; &nbsp; &nbsp; 在厨房地下室里，耗子们正在用发霉的面包、熏咸肉和馊牛奶举办一年一度的宴会。耗子太后给耗子国王下了最后的通牒，必须从7位公主里选择一个做皇后。国王深思熟虑后宣布，谁能给他带回肉肠签子汤的制作方法，谁就能成为他的新娘。最后，出乎意料的是，聪明、机智的耗子厨娘赢得了胜利，当上了皇后。肉肠签子汤是丹麦的一句谚语，寓意为言之无物的谈话或文章。</p>', '', '', '', '', '', '', 0, 9, 0, '2022-03-21 23:57:50', 1, '', '', 0, 0, 0, 0),
(36, 6, '屎壳郎', '<p>&nbsp; &nbsp; &nbsp; &nbsp; 皇宫马厩的一只屎壳郎竟然要求和皇帝的战马享有一样的待遇——钉上金掌。为此，他不惜游历一番，以证明自己和那匹马一样，是个不可小看的人物。在他最为得意，认为梦想成真的那刻．却被皇帝压在马鞍底下。</p>', '', '', '', '皇宫马厩的一只屎壳郎竟然要求和皇帝的战马享有一样的待遇——钉上金掌。为此，他不惜游历一番，以证明自己和那匹马一样，是个不可小看的人物。在他最为得意，认为梦想成真的那刻．却被皇帝压在马鞍底下。', '', '', 0, 9, 0, '2022-03-21 23:58:17', 1, '', '', 0, 0, 0, 0),
(37, 6, '冰雪女皇', '<p><span style=\\\"color: rgb(51, 51, 51); font-family: &quot;PingFang SC&quot;, &quot;Lantinghei SC&quot;, &quot;Microsoft YaHei&quot;, arial, 宋体, sans-serif, tahoma; background-color: rgb(255, 255, 255);\\\">冰雪皇后为了解除下在自己身上的咒语，带走了可伊，小格尔达历经千辛万苦，找到了冰雪皇后的宫殿，救出了自己的朋友，回到了日夜思念他们的奶奶的身边。</span></p>', '', '', '', '冰雪皇后为了解除下在自己身上的咒语，带走了可伊，小格尔达历经千辛万苦，找到了冰雪皇后的宫殿，救出了自己的朋友，回到了日夜思念他们的奶奶的身边。', '', '', 0, 9, 0, '2022-03-21 23:58:46', 1, '', '', 0, 0, 0, 0),
(38, 6, '雪人', '<p><span style=\\\"color: rgb(51, 51, 51); font-family: &quot;PingFang SC&quot;, &quot;Lantinghei SC&quot;, &quot;Microsoft YaHei&quot;, arial, 宋体, sans-serif, tahoma; background-color: rgb(255, 255, 255);\\\">&nbsp; &nbsp; &nbsp; &nbsp; 一个刚刚诞生想知道爱情是什么的雪人，竟然神魂颠倒地爱上了房子里的炉子。它们彼此相爱，白天深情相对，晚上翩翩起舞，度过了一个美丽的冬天。其间虽有短暂的挫折．却表明了雪人对炉子的真挚爱情。最后雪人融化在爱人的怀抱里。</span></p>', '', '', '', '一个刚刚诞生想知道爱情是什么的雪人，竟然神魂颠倒地爱上了房子里的炉子。它们彼此相爱，白天深情相对，晚上翩翩起舞，度过了一个美丽的冬天。其间虽有短暂的挫折．却表明了雪人对炉子的真挚爱情。最后雪人融化在爱人的怀抱里。', '', '', 0, 9, 0, '2022-03-21 23:59:47', 1, '', '', 0, 0, 0, 0),
(39, 6, '野天鹅', '<p>这是一场善与恶的斗争。艾丽莎是个柔弱的女子，但她却战胜了比她强大得多、有权有势的王后和主教。救出了被王后的魔法变成天鹅的十一位哥哥。</p>', '', '', '', '这是一场善与恶的斗争。艾丽莎是个柔弱的女子，但她却战胜了比她强大得多、有权有势的王后和主教。救出了被王后的魔法变成天鹅的十一位哥哥。', '', '', 0, 9, 0, '2022-03-22 00:00:17', 1, '', '', 0, 0, 0, 0),
(40, 6, '夜莺', '<p>夜莺那曼妙的嗓备，赢得了全世界博学之士的推崇，也赢得了中国皇帝的眼泪。在皇帝弥留之际，夜莺再次来到皇帝的身边为他歌唱，阎王使者潸然泪下后飘然离去，皇帝的生命得到了延续。</p>', '', '', '', '夜莺那曼妙的嗓备，赢得了全世界博学之士的推崇，也赢得了中国皇帝的眼泪。在皇帝弥留之际，夜莺再次来到皇帝的身边为他歌唱，阎王使者潸然泪下后飘然离去，皇帝的生命得到了延续。', '', '', 0, 9, 0, '2022-03-22 00:01:14', 1, '', '', 0, 0, 0, 0),
(41, 6, '瓶颈', '<p>一只不断梦想着到皇宫酒窖的香槟酒瓶子被普通人买去，并漂洋过海，升到高空，装过药酒，装过种子，最后却摔破成了一只瓶脖子，可它最后却那么快乐。那是因为它终于领悟到，原来自己身边的一切才是对自己最为重要的。</p>', '', '', '', '一只不断梦想着到皇宫酒窖的香槟酒瓶子被普通人买去，并漂洋过海，升到高空，装过药酒，装过种子，最后却摔破成了一只瓶脖子，可它最后却那么快乐。那是因为它终于领悟到，原来自己身边的一切才是对自己最为重要的。', '', '', 0, 9, 0, '2022-03-22 00:01:44', 1, '', '', 0, 0, 0, 0),
(42, 6, '园丁与主人', '<p><span style=\\\"color: rgb(51, 51, 51); font-family: &quot;PingFang SC&quot;, &quot;Lantinghei SC&quot;, &quot;Microsoft YaHei&quot;, arial, 宋体, sans-serif, tahoma; background-color: rgb(255, 255, 255);\\\">拉森是一个忠诚的、有天赋的园丁，他一生都在照顾主人的园子。但是，主人却对他的天才园艺视而不见，只有不停的抱怨。在经历一场暴风雨后。主人终于认识到了拉森的忠实和聪明。</span></p>', '', '', '', '拉森是一个忠诚的、有天赋的园丁，他一生都在照顾主人的园子。但是，主人却对他的天才园艺视而不见，只有不停的抱怨。在经历一场暴风雨后。主人终于认识到了拉森的忠实和聪明。', '', '', 0, 9, 0, '2022-03-22 00:02:12', 1, '', '', 0, 0, 0, 0),
(43, 6, '大林和小林', '<p>《大林和小林》是二十世纪中国最优秀的民族童话精品之一，奇特的构思，夸张的手法，大胆的想象，曲折的情节，让人爱不释手，很容易被它深深吸引。《大林和小林》是继叶圣陶《稻草人》之后，中国现代文学史上第二个现实主义童话里程碑作品。</p>', '', '', '', '《大林和小林》是二十世纪中国最优秀的民族童话精品之一，奇特的构思，夸张的手法，大胆的想象，曲折的情节，让人爱不释手，很容易被它深深吸引。《大林和小林》是继叶圣陶《稻草人》之后，中国现代文学史上第二个现实主义童话里程碑作品。', '', '', 0, 9, 0, '2022-03-22 00:05:48', 1, '', '', 0, 0, 0, 0),
(44, 6, '小布头奇遇记', '<p>《小布头奇遇记》是孙幼军创作于1961年，它是中国第一部长篇低幼童话，曾经影响了几代的孩子。出版至今，它的销售数量早已超过了百万，而实际的读者远远超过了这个数字。</p><p><br/></p><p>曾经有一段时间，中央人民广播电台的“小喇叭”节目播放过它的故事连载，每到播出时间，孩子们就搬着小板凳坐到收音机前收听“小布头”的故事。至今还有当年的小朋友惦记着它。</p><p><br/></p>', '', '', '', '《小布头奇遇记》是孙幼军创作于1961年，它是中国第一部长篇低幼童话，曾经影响了几代的孩子。出版至今，它的销售数量早已超过了百万，而实际的读者远远超过了这个数字。', '', '', 0, 9, 0, '2022-03-22 00:06:29', 1, '', '', 0, 0, 0, 0),
(45, 6, '宝葫芦的秘密', '<p>《宝葫芦的秘密》是中国著名儿童文学家张天翼（1906—1985）1958年创作的童话；1963年上海天马电影制片厂摄制了黑白影片；2007年由中国电影集团公司重新投拍了同名彩色动画影片；此外，还有同名电影版图书与同名歌曲。</p>', '', '', '', '《宝葫芦的秘密》是中国著名儿童文学家张天翼（1906—1985）1958年创作的童话；1963年上海天马电影制片厂摄制了黑白影片；2007年由中国电影集团公司重新投拍了同名彩色动画影片；此外，还有同名电影版图书与同名歌曲。', '', '', 0, 9, 0, '2022-03-22 00:07:05', 1, '', '', 4, 0, 0, 0),
(46, 6, '一只想飞的猫', '<p>《一只想飞的猫》陈伯吹所写，福建少年儿童出版社出版中国童话系列，作品通过一系列生动有趣的情节，成功地塑造了一只“想飞的猫”的形象。这只猫骄傲自大、目空一切，只因抓住了几只老鼠就到处自吹自擂，说什么“我一伸爪子就逮住了十三个耗子”。</p>', '', '', '', '《一只想飞的猫》陈伯吹所写，福建少年儿童出版社出版中国童话系列，作品通过一系列生动有趣的情节，成功地塑造了一只“想飞的猫”的形象。这只猫骄傲自大、目空一切，只因抓住了几只老鼠就到处自吹自擂，说什么“我一伸爪子就逮住了十三个耗子”。', '', '', 0, 9, 0, '2022-03-22 00:07:59', 1, '', '', 3, 0, 0, 0);

-- --------------------------------------------------------

--
-- 表的结构 `dc_art_block`
--

CREATE TABLE `dc_art_block` (
  `block_id` int(11) NOT NULL COMMENT 'ID',
  `classid` int(11) DEFAULT '0',
  `title` varchar(500) DEFAULT NULL COMMENT '标题',
  `marker` varchar(255) DEFAULT NULL COMMENT '标识符号',
  `content` text COMMENT '内容',
  `updatetime` datetime DEFAULT NULL ON UPDATE CURRENT_TIMESTAMP COMMENT '更新时间',
  `block_remarks` text COMMENT '备注',
  `is_enabled` tinyint(1) DEFAULT '1' COMMENT '是否启用，1=启用'
) ENGINE=MyISAM DEFAULT CHARSET=utf8 COMMENT='碎片';

--
-- 转存表中的数据 `dc_art_block`
--

INSERT INTO `dc_art_block` (`block_id`, `classid`, `title`, `marker`, `content`, `updatetime`, `block_remarks`, `is_enabled`) VALUES
(1, 0, '页头菜单', 'top_menu', '<ul class=\\\" list-paddingleft-2\\\"><li><p><a href=\\\"index.html\\\">首页</a></p></li><li><p><a href=\\\"list.html\\\">小学作文</a></p></li><li><p><a href=\\\"newsinfo.html\\\">中学作文</a></p></li><li><p><a href=\\\"about.html\\\">随笔作文</a></p></li><li><p><a href=\\\"tags.html\\\">作文训练</a></p></li><li><p><a href=\\\"404.html\\\">英语作文</a></p></li><li><p><a href=\\\"/1.html\\\">高考作文</a></p></li><li><p><a href=\\\"/2.html\\\">高中作文</a></p></li><li><p><a href=\\\"/3.html\\\">读后感作文</a></p></li><li><p><a href=\\\"/4.html\\\">小升初作文</a></p></li></ul>', '2022-03-31 08:43:25', '', 1),
(2, 0, '统计URL', 'tj_url', '<p>https://s5.cnzz.com/z_stat.php?id=587455&amp;web_id=587455</p>', '2022-03-29 17:46:16', '', 1),
(3, 0, 'banner广告', 'banner', '<h3><span>优秀作文</span>写作指导</h3><h5>更好帮助学生提升作文写作水平</h5>', '2022-03-31 10:51:19', '', 1);

-- --------------------------------------------------------

--
-- 表的结构 `dc_art_category`
--

CREATE TABLE `dc_art_category` (
  `catid` smallint(11) UNSIGNED NOT NULL COMMENT '栏目ID',
  `type` tinyint(1) UNSIGNED DEFAULT '0' COMMENT '栏目类型ID',
  `modelid` smallint(5) UNSIGNED DEFAULT '0' COMMENT '模型ID，0=系统，1=文章，2=下载，3=图片，可自定义',
  `parentid` smallint(11) UNSIGNED DEFAULT '0' COMMENT '上级父栏目',
  `arrparentid` varchar(255) COLLATE utf8_unicode_ci DEFAULT NULL COMMENT '所有父栏目',
  `child` tinyint(1) UNSIGNED DEFAULT '0' COMMENT '是否存在子栏目，1，存在',
  `arrchildid` mediumtext COLLATE utf8_unicode_ci COMMENT '所有子栏目',
  `catname` varchar(30) COLLATE utf8_unicode_ci DEFAULT NULL COMMENT '栏目名称',
  `style` varchar(200) COLLATE utf8_unicode_ci DEFAULT NULL COMMENT '列表页风格',
  `content_style` varchar(200) COLLATE utf8_unicode_ci DEFAULT NULL COMMENT '内容页风格',
  `image` varchar(100) COLLATE utf8_unicode_ci DEFAULT NULL COMMENT '栏目图片',
  `keywords` varchar(200) COLLATE utf8_unicode_ci DEFAULT NULL COMMENT '分类关键词，多个中间用,分隔',
  `description` mediumtext COLLATE utf8_unicode_ci COMMENT '栏目描述',
  `url` varchar(200) COLLATE utf8_unicode_ci DEFAULT NULL COMMENT '栏目链接',
  `items` mediumint(8) UNSIGNED DEFAULT '0' COMMENT '栏目内容数',
  `hits` int(11) UNSIGNED DEFAULT '0' COMMENT '点击数',
  `setting` mediumtext COLLATE utf8_unicode_ci COMMENT '栏目相关配置信息',
  `listorder` smallint(11) UNSIGNED DEFAULT '0' COMMENT '排序',
  `ismenu` tinyint(1) UNSIGNED DEFAULT '1' COMMENT '是否菜单显示，1 显示',
  `letter` varchar(30) COLLATE utf8_unicode_ci DEFAULT NULL COMMENT '栏目拼音',
  `content` text COLLATE utf8_unicode_ci COMMENT '栏目内容，当为单网页时，可以编辑',
  `list_num` int(11) DEFAULT '10' COMMENT '列表页每页显示数量'
) ENGINE=MyISAM DEFAULT CHARSET=utf8 COLLATE=utf8_unicode_ci;

--
-- 转存表中的数据 `dc_art_category`
--

INSERT INTO `dc_art_category` (`catid`, `type`, `modelid`, `parentid`, `arrparentid`, `child`, `arrchildid`, `catname`, `style`, `content_style`, `image`, `keywords`, `description`, `url`, `items`, `hits`, `setting`, `listorder`, `ismenu`, `letter`, `content`, `list_num`) VALUES
(1, 0, 1, 0, '0', 1, '1,2,12,13,14,16,7,8,19', '小学作文', '', '', '', '', '', '', 0, 0, NULL, 1, 1, NULL, '', 15),
(21, 0, 1, 3, '0,3', 0, '21', '中考作文', '', '', '', '', '', '', 0, 0, NULL, 21, 1, NULL, '', 10),
(22, 0, 1, 3, '0,3', 0, '22', '高一作文', '', '', '', '', '', '', 0, 0, NULL, 22, 1, NULL, '', 10),
(2, 0, 1, 1, '0,1', 0, '2', '一年级作文', '', '', '', '', '', '', 0, 0, NULL, 2, 1, NULL, '', 10),
(20, 0, 1, 3, '0,3', 0, '20', '初三作文', '', '', '', '', '', '', 0, 0, NULL, 20, 1, NULL, '', 10),
(3, 0, 1, 0, '0', 1, '3,11,15,20,21,22,23,24,25', '中学作文', '', '', '', '', '', '', 0, 0, NULL, 3, 1, NULL, '', 10),
(7, 0, 1, 1, '0,1', 0, '7', '六年级作文', '', '', '', '', '', '', 0, 0, NULL, 17, 1, NULL, '', 10),
(8, 0, 1, 1, '0,1', 0, '8', '小升初作文', '', '', '', '', '', '', 0, 0, NULL, 18, 1, NULL, '', 10),
(9, 1, 0, 0, '0', 1, '9,17,18', '关于我们', '', '', '', '', '', '/list/17', 0, 0, NULL, 12, 1, NULL, '', 10),
(10, 0, 1, 5, '0,5', 0, '10', '英语作文', '', '', '', '', '', '', 0, 0, NULL, 1, 1, NULL, '<p>测试内容，测试内容。。。。</p>', 10),
(11, 0, 1, 3, '0,3', 0, '11', '初一作文', '', '', '', '', '', '', 0, 0, NULL, 1, 1, NULL, '', 10),
(5, 0, 1, 0, '0', 1, '5,10,26,27,28,29,30,31,32', '随笔作文', '', '', '', '', '', '', 0, 0, NULL, 5, 1, NULL, '', 10),
(6, 0, 1, 0, '0', 1, '6,34,35,36,37,39,33,38,40', '作文训练', '', '', '', '', '', '', 0, 0, NULL, 6, 1, NULL, '', 10),
(12, 0, 1, 1, '0,1', 0, '12', '二年级作文', '', '', '', '', '', '', 0, 0, NULL, 7, 1, NULL, '', 10),
(13, 0, 1, 1, '0,1', 0, '13', '三年级作文', '', '', '', '', '', '', 0, 0, NULL, 13, 1, NULL, '', 10),
(14, 0, 1, 1, '0,1', 0, '14', '四年级作文', '', '', '', '', '', '', 0, 0, NULL, 14, 1, NULL, '', 10),
(15, 0, 1, 3, '0,3', 0, '15', '初二作文', '', '', '', '', '', '', 0, 0, NULL, 2, 1, NULL, '', 10),
(16, 0, 1, 1, '0,1', 0, '16', '五年级作文', '', '', '', '', '', '', 0, 0, NULL, 15, 1, NULL, '', 10),
(17, 1, 0, 9, '0,9', 0, '17', '关于我们', '', '', '', '', '', '', 0, 0, NULL, 17, 1, NULL, '<p>邓草，一个普普通通的草根站长，程序猿。</p><p>我很平凡，平凡到几乎没有任何值得介绍的地方。但既然是写简介，总得写些什么。那么，就说说我为什么使用“邓草”这个笔名吧。</p><p>前几年自媒体流行的时候，我就想做一个个人博客玩玩，写写东西。因为我早前曾经参与过域名投资，深知域名对于网站的重要性，正所谓“名不正则言不顺”，要想做一个好博客，怎能没有一个易记的好域名？于是去一些域名交易网站物色起域名来。刷着刷着，无意中看到一个“caozha.com”出现在转让列表，域名看起来挺顺眼，只有6个字母，还是双拼，重要的是价格也不贵。百度了一下这个拼音，有“草札、草扎、草渣、草蚱”等词语与之对应。其中，草札一词的含义是“写文章”，这不正跟写博客暗合吗？众里寻他千百度，心里大喜，就它了，毫不犹豫地直接买下了。<br/></p><p>后来，因为种种原因（主要是懒），博客网站没建成，域名倒是一直续费保留了下来。“草札”也顺理成章地成了我的昵称和笔名。后来朋友建议说，“草札”看起来不像人名，于是就改成了邓草。</p><p>直到今天，庆幸的是邓草博客终于建成了。未来，邓草博客将坚持做下去。</p><p>谢谢您们的支持！<br/><br/></p><h2>邓草公众号/微博</h2><p>想获取邓草的最新原创文章和信息，请关注我。</p><ul class=\\\"qq_join list-paddingleft-2\\\"><li><section><img src=\\\"/static/skin/blue/images/wxgzh.png\\\" width=\\\"200\\\" height=\\\"200\\\" title=\\\"\\\" alt=\\\"\\\"/><p style=\\\"text-align: center;\\\">邓草公众号</p></section></li><li><section><img src=\\\"/static/skin/blue/images/weibo.png\\\" width=\\\"200\\\" height=\\\"200\\\" title=\\\"\\\" alt=\\\"\\\"/><p style=\\\"text-align: center;\\\">邓草微博（<a href=\\\"http://weibo.com/dengzhenhua?from=caozha.com\\\" target=\\\"_blank\\\" style=\\\"color:blue;text-decoration:underline\\\">链接</a>）</p></section></li></ul><h2>其他自媒体账号</h2><p>也可以通过下面的自媒体账号找到邓草。</p><ul class=\\\"qq_join list-paddingleft-2\\\"><li><section><img src=\\\"/static/skin/blue/images/tth.png\\\" width=\\\"200\\\" height=\\\"200\\\" title=\\\"\\\" alt=\\\"\\\"/><p style=\\\"text-align: center;\\\">邓草头条号（<a href=\\\"http://toutiao.com/c/user/78279382482/?from=caozha.com\\\" target=\\\"_blank\\\" style=\\\"color:blue;text-decoration:underline\\\">链接</a>）</p></section></li><li><section><img src=\\\"/static/skin/blue/images/bjh.png\\\" width=\\\"200\\\" height=\\\"200\\\"/><p style=\\\"text-align: center;\\\">邓草百家号（<a href=\\\"https://author.baidu.com/home/1571086714941083?from=caozha.com\\\" target=\\\"_blank\\\" style=\\\"color:blue;text-decoration:underline\\\">链接</a>）</p></section></li></ul><ul class=\\\"qq_join list-paddingleft-2\\\"><li><section><img src=\\\"/static/skin/blue/images/wyh.png\\\" width=\\\"200\\\" height=\\\"200\\\" title=\\\"\\\" alt=\\\"\\\"/><p style=\\\"text-align: center;\\\">邓草网易号（<a href=\\\"https://c.m.163.com/news/sub/T1469424366414.html?spss=caozha.com\\\" target=\\\"_blank\\\" style=\\\"color:blue;text-decoration:underline\\\">链接</a>）</p></section></li><li><section><img src=\\\"/static/skin/blue/images/shh.png\\\" width=\\\"200\\\" height=\\\"200\\\" title=\\\"\\\" alt=\\\"\\\"/><p style=\\\"text-align: center;\\\">邓草搜狐号（<a href=\\\"https://mp.sohu.com/profile?xpt=MUUyQTAxMkZGMjBBODVGRDE2NjAwRUVEQjREQkFEQkJAcXEuc29odS5jb20=&from=caozha.com\\\" target=\\\"_blank\\\" style=\\\"color:blue;text-decoration:underline\\\">链接</a>）</p></section></li></ul><ul class=\\\"qq_join list-paddingleft-2\\\"><li><section><img src=\\\"/static/skin/blue/images/qeh.png\\\" width=\\\"200\\\" height=\\\"200\\\" title=\\\"\\\" alt=\\\"\\\"/><p style=\\\"text-align: center;\\\">邓草企鹅号（<a href=\\\"https://media.om.qq.com/5924074?from=caozha.com\\\" target=\\\"_blank\\\" style=\\\"color:blue;text-decoration:underline\\\">链接</a>）</p></section></li><li><section><img src=\\\"/static/skin/blue/images/dyh.png\\\" width=\\\"200\\\" height=\\\"200\\\" title=\\\"\\\" alt=\\\"\\\"/><p style=\\\"text-align: center;\\\">邓草大鱼号（<a href=\\\"http://a.mp.uc.cn/media?uc_param_str=frdnsnpfvecpntnwprdssskt&mid=3e1645e5a2414d3f9dd34c121002ccc6&from=caozha.com\\\" target=\\\"_blank\\\" style=\\\"color:blue;text-decoration:underline\\\">链接</a>）</p></section></li></ul><h2>代码仓库/技术账号</h2><p>如果是程序技术方面的问题，可以通过下面账号找到草札。</p><ul class=\\\"qq_join list-paddingleft-2\\\"><li><section><img src=\\\"/static/skin/blue/images/github.png\\\" width=\\\"200\\\" height=\\\"200\\\" title=\\\"\\\" alt=\\\"\\\"/><p style=\\\"text-align: center;\\\">邓草GitHub账号（<a href=\\\"https://github.com/cao-zha?from=caozha.com\\\" target=\\\"_blank\\\" style=\\\"color:blue;text-decoration:underline\\\">链接</a>）</p></section></li><li><section><img src=\\\"/static/skin/blue/images/gitee.png\\\" width=\\\"200\\\" height=\\\"200\\\"/><p style=\\\"text-align: center;\\\">邓草Gitee账号（<a href=\\\"https://gitee.com/caozha?from=caozha.com\\\" target=\\\"_blank\\\" style=\\\"color:blue;text-decoration:underline\\\">链接</a>）</p></section></li></ul><ul class=\\\"qq_join list-paddingleft-2\\\"><li><section><img src=\\\"/static/skin/blue/images/csdn.png\\\" width=\\\"200\\\" height=\\\"200\\\" title=\\\"\\\" alt=\\\"\\\"/><p style=\\\"text-align: center;\\\">邓草CSDN账号（<a href=\\\"https://blog.csdn.net/caozha?from=caozha.com\\\" target=\\\"_blank\\\" style=\\\"color:blue;text-decoration:underline\\\">链接</a>）</p></section></li><li><section><img src=\\\"/static/skin/blue/images/oschina.png\\\" width=\\\"200\\\" height=\\\"200\\\"/><p style=\\\"text-align: center;\\\">邓草OSChina账号（<a href=\\\"https://my.oschina.net/dengzhenhua?from=caozha.com\\\" target=\\\"_blank\\\" style=\\\"color:blue;text-decoration:underline\\\">链接</a>）</p></section></li></ul>', 10),
(18, 1, 0, 9, '0,9', 0, '18', '联系我们', '', '', '', '', '', '', 0, 0, NULL, 19, 1, NULL, '<p>可以通过电子邮箱给邓草提建议或留言：<a target=\\\"_blank\\\" href=\\\"http://mail.qq.com/cgi-bin/qm_share?t=qm_mailme&email=Sy8xI3pzcws6OmUoJCY\\\" style=\\\"text-decoration:none;\\\">dzh188@qq.com</a></p><p>当然，您也可以通过以下方式找到邓草。</p><h2>邓草公众号/微博</h2><p>想获取邓草的最新原创文章和信息，请关注我。</p><ul class=\\\"qq_join list-paddingleft-2\\\"><li><section><img src=\\\"/static/skin/blue/images/wxgzh.png\\\" width=\\\"200\\\" height=\\\"200\\\" title=\\\"\\\" alt=\\\"\\\"/><p style=\\\"text-align: center;\\\">邓草公众号</p></section></li><li><section><img src=\\\"/static/skin/blue/images/weibo.png\\\" width=\\\"200\\\" height=\\\"200\\\" title=\\\"\\\" alt=\\\"\\\"/><p style=\\\"text-align: center;\\\">邓草微博（<a href=\\\"http://weibo.com/caozha?from=caozha.com\\\" target=\\\"_blank\\\" style=\\\"color:blue;text-decoration:underline\\\">链接</a>）</p></section></li></ul><h2>其他自媒体账号</h2><p>也可以通过下面的自媒体账号找到邓草。</p><ul class=\\\"qq_join list-paddingleft-2\\\"><li><section><img src=\\\"/static/skin/blue/images/tth.png\\\" width=\\\"200\\\" height=\\\"200\\\" title=\\\"\\\" alt=\\\"\\\"/><p style=\\\"text-align: center;\\\">邓草头条号（<a href=\\\"http://toutiao.com/c/user/78279382482/?from=caozha.com\\\" target=\\\"_blank\\\" style=\\\"color:blue;text-decoration:underline\\\">链接</a>）</p></section></li><li><section><img src=\\\"/static/skin/blue/images/bjh.png\\\" width=\\\"200\\\" height=\\\"200\\\"/><p style=\\\"text-align: center;\\\">邓草百家号（<a href=\\\"https://author.baidu.com/home/1571086714941083?from=caozha.com\\\" target=\\\"_blank\\\" style=\\\"color:blue;text-decoration:underline\\\">链接</a>）</p></section></li></ul><ul class=\\\"qq_join list-paddingleft-2\\\"><li><section><img src=\\\"/static/skin/blue/images/wyh.png\\\" width=\\\"200\\\" height=\\\"200\\\" title=\\\"\\\" alt=\\\"\\\"/><p style=\\\"text-align: center;\\\">邓草网易号（<a href=\\\"https://c.m.163.com/news/sub/T1469424366414.html?spss=caozha.com\\\" target=\\\"_blank\\\" style=\\\"color:blue;text-decoration:underline\\\">链接</a>）</p></section></li><li><section><img src=\\\"/static/skin/blue/images/shh.png\\\" width=\\\"200\\\" height=\\\"200\\\" title=\\\"\\\" alt=\\\"\\\"/><p style=\\\"text-align: center;\\\">邓草搜狐号（<a href=\\\"https://mp.sohu.com/profile?xpt=MUUyQTAxMkZGMjBBODVGRDE2NjAwRUVEQjREQkFEQkJAcXEuc29odS5jb20=&from=caozha.com\\\" target=\\\"_blank\\\" style=\\\"color:blue;text-decoration:underline\\\">链接</a>）</p></section></li></ul><ul class=\\\"qq_join list-paddingleft-2\\\"><li><section><img src=\\\"/static/skin/blue/images/qeh.png\\\" width=\\\"200\\\" height=\\\"200\\\" title=\\\"\\\" alt=\\\"\\\"/><p style=\\\"text-align: center;\\\">邓草企鹅号（<a href=\\\"https://media.om.qq.com/5924074?from=caozha.com\\\" target=\\\"_blank\\\" style=\\\"color:blue;text-decoration:underline\\\">链接</a>）</p></section></li><li><section><img src=\\\"/static/skin/blue/images/dyh.png\\\" width=\\\"200\\\" height=\\\"200\\\" title=\\\"\\\" alt=\\\"\\\"/><p style=\\\"text-align: center;\\\">邓草大鱼号（<a href=\\\"http://a.mp.uc.cn/media?uc_param_str=frdnsnpfvecpntnwprdssskt&mid=3e1645e5a2414d3f9dd34c121002ccc6&from=caozha.com\\\" target=\\\"_blank\\\" style=\\\"color:blue;text-decoration:underline\\\">链接</a>）</p></section></li></ul><h2>代码仓库/技术账号</h2><p>如果是程序技术方面的问题，可以通过下面账号找到邓草。</p><ul class=\\\"qq_join list-paddingleft-2\\\"><li><section><img src=\\\"/static/skin/blue/images/github.png\\\" width=\\\"200\\\" height=\\\"200\\\" title=\\\"\\\" alt=\\\"\\\"/><p style=\\\"text-align: center;\\\">邓草GitHub账号（<a href=\\\"https://github.com/cao-zha?from=caozha.com\\\" target=\\\"_blank\\\" style=\\\"color:blue;text-decoration:underline\\\">链接</a>）</p></section></li><li><section><img src=\\\"/static/skin/blue/images/gitee.png\\\" width=\\\"200\\\" height=\\\"200\\\"/><p style=\\\"text-align: center;\\\">邓草Gitee账号（<a href=\\\"https://gitee.com/caozha?from=caozha.com\\\" target=\\\"_blank\\\" style=\\\"color:blue;text-decoration:underline\\\">链接</a>）</p></section></li></ul><ul class=\\\"qq_join list-paddingleft-2\\\"><li><section><img src=\\\"/static/skin/blue/images/csdn.png\\\" width=\\\"200\\\" height=\\\"200\\\" title=\\\"\\\" alt=\\\"\\\"/><p style=\\\"text-align: center;\\\">邓草CSDN账号（<a href=\\\"https://blog.csdn.net/caozha?from=caozha.com\\\" target=\\\"_blank\\\" style=\\\"color:blue;text-decoration:underline\\\">链接</a>）</p></section></li><li><section><img src=\\\"/static/skin/blue/images/oschina.png\\\" width=\\\"200\\\" height=\\\"200\\\"/><p style=\\\"text-align: center;\\\">邓草OSChina账号（<a href=\\\"https://my.oschina.net/dengzhenhua?from=caozha.com\\\" target=\\\"_blank\\\" style=\\\"color:blue;text-decoration:underline\\\">链接</a>）</p></section></li></ul>', 10),
(19, 0, 1, 1, '0,1', 0, '19', '小学生作文', '', '', '', '', '', '', 0, 0, NULL, 19, 1, NULL, '<p style=\\\"white-space: normal;\\\">邓草当初建这个博客网，并坚持原创，不是为了赚钱，只为了坚守心中对文学和技术的一份热爱。</p><p style=\\\"white-space: normal;\\\">博客网站在当今互联网环境下，已经很难盈利，不但不盈利，每年支出的服务器与域名费用几千块，导致目前为止，一直是亏本和倒贴状态。但，我不会放弃。</p><p style=\\\"white-space: normal;\\\">邓草也只是一个普普通通的人，跟大家一样，需要吃饭、需要生活，同样也离不开衣食住行。如果您有一定经济基础，并且希望看到更多更好的原创文章，您可以扫码赞助邓草。</p><p style=\\\"white-space: normal;\\\">您的支持与赞赏，是邓草坚持下去的最强大的动力！</p><h2 style=\\\"white-space: normal;\\\">扫码赞助邓草</h2><ul class=\\\"qq_join list-paddingleft-2\\\"><li><section><img src=\\\"/static/skin/blue/images/wxsk.png\\\"/><p style=\\\"text-align: center;\\\">微信收款码</p></section></li><li><section><img src=\\\"/static/skin/blue/images/zfbsk.png\\\"/><p style=\\\"text-align: center;\\\">支付宝收款码</p></section></li></ul>', 10),
(23, 0, 1, 3, '0,3', 0, '23', '高二作文', '', '', '', '', '', '', 0, 0, NULL, 23, 1, NULL, '', 10),
(24, 0, 1, 3, '0,3', 0, '24', '高三作文', '', '', '', '', '', '', 0, 0, NULL, 24, 1, NULL, '', 10),
(25, 0, 1, 3, '0,3', 0, '25', '高考作文', '', '', '', '', '', '', 0, 0, NULL, 25, 1, NULL, '', 10),
(26, 0, 1, 5, '0,5', 0, '26', '状物作文', '', '', '', '', '', '', 0, 0, NULL, 26, 1, NULL, '', 10),
(27, 0, 1, 5, '0,5', 0, '27', '写人作文', '', '', '', '', '', '', 0, 0, NULL, 27, 1, NULL, '', 10),
(28, 0, 1, 5, '0,5', 0, '28', '亲情作文', '', '', '', '', '', '', 0, 0, NULL, 28, 1, NULL, '', 10),
(29, 0, 1, 5, '0,5', 0, '29', '叙事作文', '', '', '', '', '', '', 0, 0, NULL, 29, 1, NULL, '', 10),
(30, 0, 1, 5, '0,5', 0, '30', '游记作文', '', '', '', '', '', '', 0, 0, NULL, 30, 1, NULL, '', 10),
(31, 0, 1, 5, '0,5', 0, '31', '读后感作文', '', '', '', '', '', '', 0, 0, NULL, 31, 1, NULL, '', 10),
(32, 0, 1, 5, '0,5', 0, '32', '话题作文', '', '', '', '', '', '', 0, 0, NULL, 32, 1, NULL, '', 10),
(33, 0, 1, 6, '0,6', 0, '33', '1000字作文', '', '', '', '', '', '', 0, 0, NULL, 39, 1, NULL, '', 10),
(34, 0, 1, 6, '0,6', 0, '34', '200字作文', '', '', '', '', '', '', 0, 0, NULL, 34, 1, NULL, '', 10),
(35, 0, 1, 6, '0,6', 0, '35', '300字作文', '', '', '', '', '', '', 0, 0, NULL, 35, 1, NULL, '', 10),
(36, 0, 1, 6, '0,6', 0, '36', '400字作文', '', '', '', '', '', '', 0, 0, NULL, 36, 1, NULL, '', 10),
(37, 0, 1, 6, '0,6', 0, '37', '500字作文', '', '', '', '', '', '', 0, 0, NULL, 37, 1, NULL, '', 10),
(38, 0, 1, 6, '0,6', 0, '38', '1500字作文', '', '', '', '', '', '', 0, 0, NULL, 40, 1, NULL, '', 10),
(39, 0, 1, 6, '0,6', 0, '39', '800字作文', '', '', '', '', '', '', 0, 0, NULL, 38, 1, NULL, '', 10),
(40, 0, 1, 6, '0,6', 0, '40', '2000字作文', '', '', '', '', '', '', 0, 0, NULL, 41, 1, NULL, '', 10);

-- --------------------------------------------------------

--
-- 表的结构 `dc_art_comment`
--

CREATE TABLE `dc_art_comment` (
  `id` int(11) NOT NULL,
  `cmtname` varchar(50) COLLATE utf8mb4_unicode_ci DEFAULT NULL COMMENT '评论者昵称',
  `userid` int(11) DEFAULT '0' COMMENT '用户ID,0为游客',
  `userpic` int(4) DEFAULT NULL COMMENT '游客用户的头像',
  `cmtip` varchar(20) COLLATE utf8mb4_unicode_ci DEFAULT NULL COMMENT '评论IP',
  `addtime` datetime DEFAULT NULL COMMENT '评论时间',
  `cmtid` varchar(20) COLLATE utf8mb4_unicode_ci DEFAULT NULL COMMENT '评论ID，标识符，用于关联',
  `catid` varchar(20) COLLATE utf8mb4_unicode_ci DEFAULT NULL COMMENT '评论分类ID，标识符，用于关联',
  `parentid` int(11) DEFAULT '0' COMMENT '父ID',
  `arrparentid` text COLLATE utf8mb4_unicode_ci COMMENT '所有父ID，多个中间按顺序用逗号,分隔',
  `cmtcontent` text COLLATE utf8mb4_unicode_ci COMMENT '评论内容',
  `like_num` int(11) DEFAULT '0' COMMENT '点赞次数',
  `bad_num` int(11) DEFAULT '0' COMMENT '被踩次数',
  `ischeck` tinyint(1) DEFAULT '0' COMMENT '是否审核通过，1=通过',
  `ishot` tinyint(1) DEFAULT '0' COMMENT '是否热门评论，1=热门'
) ENGINE=MyISAM DEFAULT CHARSET=utf8mb4 COLLATE=utf8mb4_unicode_ci;

--
-- 转存表中的数据 `dc_art_comment`
--

INSERT INTO `dc_art_comment` (`id`, `cmtname`, `userid`, `userpic`, `cmtip`, `addtime`, `cmtid`, `catid`, `parentid`, `arrparentid`, `cmtcontent`, `like_num`, `bad_num`, `ischeck`, `ishot`) VALUES
(1, '缘天', 0, 8, '120.230.101.23', '2020-07-28 23:23:29', 'act_3', '0', 0, '', '可以在线收款吗', 1, 0, 1, 0),
(3, '草札', 0, 37, '14.25.0.50', '2020-08-04 00:44:47', 'act_3', '0', 1, '1', '不支持在线收款哦。竞价页，一般都是货到付款。如果需要在线收款，可以自己修改一下程序，整合微信支付即可。', 1, 0, 1, 0),
(4, 'wander', 0, 3, '125.119.83.58', '2020-08-08 16:00:47', 'act_17', '0', 0, '', '其实用这个更好\ntry_files $uri $uri/ /index.php?s=$uri&$args;', 1, 0, 1, 0),
(5, '唐', 0, 26, '182.131.97.130', '2020-08-12 13:14:17', 'act_13', '0', 0, '', '不错非常好，感谢站长分享[/鼓掌]', 0, 0, 1, 0),
(6, '', 0, 36, '120.211.104.8', '2020-08-14 00:11:14', 'act_12', '0', 0, '', '444', 0, 0, 1, 0),
(7, '', 0, 45, '120.211.104.8', '2020-08-14 21:51:11', 'act_9', '0', 0, '', '12212', 0, 0, 1, 0),
(8, '', 0, 44, '125.73.91.44', '2020-08-18 16:16:57', 'act_13', '0', 0, '', '[/闭嘴]', 0, 0, 1, 0),
(9, '', 0, 17, '60.172.27.2', '2020-08-20 16:22:07', 'act_13', '0', 0, '', '希望能增加 每个评论可以单独打开一个页面，有利于seo    评论内容变成标题。。。\n增加一个单独调用页面', 0, 0, 1, 0),
(10, '', 0, 11, '113.57.87.118', '2020-08-21 11:17:50', 'act_3', '0', 0, '', '好像没有订单提醒功能，得不听的去刷新后台....', 0, 0, 1, 0),
(11, 'axc', 0, 40, '218.89.210.174', '2020-08-29 09:46:00', 'act_13', '0', 0, '', '安装好后，评论区一直提示：正在载入评论列表...', 0, 0, 1, 0),
(12, '', 0, 20, '124.65.24.100', '2020-09-14 15:56:52', 'act_13', '0', 0, '', '后台演示 评论管理有错误', 0, 0, 1, 0),
(13, '古德', 0, 46, '58.39.219.238', '2020-09-30 10:16:17', 'act_2', '0', 0, '', '[/呲牙]', 0, 0, 1, 0),
(14, 'bgsn', 0, 2, '1.192.21.159', '2020-10-19 12:32:57', 'act_3', '0', 0, '', '请问一下首页的欢迎使用怎么删除，能不能增加短信通知功能', 0, 0, 1, 0),
(15, '', 0, 36, '27.192.166.108', '2020-10-20 20:38:10', 'act_13', '0', 0, '', '挺不错的程序。验证码太小，看不清。', 0, 0, 1, 0),
(16, '老万', 0, 41, '123.58.33.75', '2020-11-04 17:05:34', 'act_2', '0', 0, '', '试用了一下，很强大，以后可能会一直用！', 0, 0, 1, 0),
(17, '', 0, 28, '61.174.53.131', '2020-11-05 15:46:51', 'act_1', '0', 0, '', 'z', 0, 0, 1, 0),
(18, 'lier', 0, 44, '36.248.128.157', '2020-11-08 01:19:38', 'act_2', '0', 0, '', '怎么联系你呀，qq什么的。。。', 0, 0, 1, 0),
(19, '撒', 0, 34, '183.193.63.149', '2020-11-12 17:17:34', 'act_9', '0', 0, '', '司法啥', 0, 0, 1, 0),
(20, '123', 0, 23, '101.230.211.162', '2020-11-12 20:27:11', 'act_13', '0', 0, '', '好用吗', 0, 0, 1, 0),
(21, 'php菜鸟', 0, 14, '116.234.106.10', '2020-11-17 10:16:38', 'act_2', '0', 0, '', '真的不错。', 0, 0, 1, 0),
(22, '', 0, 48, '111.202.190.28', '2020-11-23 11:08:28', 'act_4', '0', 0, '', '安装后为什么一直是403？', 0, 0, 1, 0),
(23, '花心一朵', 0, 39, '220.191.239.3', '2020-12-03 09:16:15', 'act_12', '0', 0, '', '这个ip 里面有ip地址 怎么调用使用呢', 0, 0, 1, 0),
(24, '', 0, 23, '1.194.20.141', '2020-12-05 18:48:24', 'act_13', '0', 0, '', '哈哈哈', 0, 0, 1, 0),
(25, '芙蓉派出所', 0, 33, '36.5.107.44', '2020-12-09 10:07:10', 'act_2', '0', 0, '', '牛逼', 0, 0, 1, 0),
(26, '蚊子', 0, 12, '171.113.3.0', '2020-12-21 13:46:43', 'act_2', '0', 0, '', '哥们，项目看起来不错。线上演示的报错报错了，有时间可以修复一下？另外这个后台可以实线交易吗，支付宝微信在线支付？', 0, 0, 1, 0),
(27, '蚊子', 0, 8, '171.113.3.0', '2020-12-21 13:47:31', 'act_2', '0', 0, '', '系统提供了API吗？方便小程序的调用？', 0, 0, 1, 0),
(28, '', 0, 8, '120.197.146.51', '2021-01-14 16:52:00', 'act_3', '0', 0, '', '为什么会提示系统错误，一切都按正常步骤。后台登录就系统发生错误，仅能看到如下内容(ThinkPHP V6.0.2   -   Powered by caozha-admin 1.6.0   草札官方网站)', 0, 0, 1, 0),
(29, '郝大爷', 0, 39, '111.58.52.51', '2021-01-30 00:08:52', 'act_13', '0', 0, '', '好像不错的评论系统', 0, 0, 1, 0),
(30, '徽太郎', 0, 11, '1.83.1.81', '2021-03-10 15:57:21', 'act_3', '0', 3, '1,3', '如果能实现在线支付就更牛逼了', 0, 0, 1, 0),
(31, '徽太郎', 0, 23, '1.83.1.81', '2021-03-10 15:58:14', 'act_3', '0', 3, '1,3', '如果能实现在线支付就牛逼了', 0, 0, 1, 0),
(32, 'dddd', 0, 38, '120.243.10.246', '2021-03-22 22:44:20', 'act_13', '0', 0, '', '洒洒水', 0, 0, 1, 0),
(33, 'test', 0, 23, '183.195.86.254', '2021-03-27 16:30:21', 'act_11', '0', 0, '', '测试评论', 0, 0, 1, 0),
(34, '', 0, 7, '123.181.206.182', '2021-04-06 08:53:36', 'act_13', '0', 0, '', '这个界面很不错，能不能加入个地理位置的判断 做成同城留言板？这个ip自动定位然后在展示同城人的留言信息', 0, 0, 1, 0),
(35, '', 0, 42, '117.147.34.64', '2021-05-02 14:05:46', 'act_13', '0', 0, '', 'php-5.2.17 mysql-5.5.41 无法连接数据库，还有页面显示异常', 0, 0, 1, 0),
(36, '', 0, 36, '180.166.250.158', '2021-05-10 10:02:55', 'act_3', '0', 0, '', '怎么整合在线支付宝及微信h5支付？', 0, 0, 1, 0),
(37, '酷酷的', 0, 44, '113.14.71.184', '2021-05-10 23:35:22', 'act_13', '0', 0, '', '测试一下', 0, 0, 1, 0),
(38, '九当家', 0, 39, '111.78.237.188', '2021-05-17 14:18:54', 'act_3', '0', 0, '', '希望作者能整合一下微信收款码收款功能进去。', 0, 0, 1, 0),
(39, 'l', 0, 8, '106.119.48.1', '2021-05-19 10:59:47', 'act_13', '0', 0, '', '1', 0, 0, 1, 0),
(40, '111', 0, 17, '219.129.233.247', '2021-05-23 00:54:23', 'act_13', '0', 0, '', '111111111111', 0, 0, 1, 0),
(41, '逗逗', 0, 41, '111.50.28.35', '2021-06-01 15:44:36', 'act_2', '0', 0, '', 'Deprecated: Method ReflectionParameter::getClass() is deprecated in /www/website/ERP/vendor/topthink/framework/src/think/Container.php on line 442\n\n出现点问题，按照说明安装完成之后我打开页面显示这个内容，查看了这一段代码是获取一个类，并不知道如何调整，\n安装环境是PHP8.0，MYsql 10.5.6，宝塔\n\n，不知道如何修改和绕过,特来求助', 0, 0, 1, 0),
(42, '黑夜', 0, 20, '112.30.113.74', '2021-06-01 17:01:48', 'act_3', '0', 0, '', '您好，我在本地安装都正常，可是上传到服务器就不能正常使用了，能帮我看看怎么回事吗?\n 欢迎使用页已经出现了', 0, 0, 1, 0),
(43, '温', 0, 43, '175.43.7.10', '2021-06-01 17:09:41', 'act_13', '0', 0, '', '支持！', 0, 0, 1, 0),
(44, 'J55R', 0, 13, '223.149.206.34', '2021-06-16 06:32:33', 'act_13', '0', 0, '', '[/吃惊]', 0, 0, 1, 0),
(45, 'hfdjfj', 0, 26, '222.244.153.211', '2021-06-28 20:53:16', 'act_1', '0', 0, '', 'jgkfkhg', 0, 0, 1, 0),
(46, '', 0, 9, '113.13.45.129', '2021-07-22 18:16:10', 'act_13', '0', 0, '', '[/微笑]', 0, 0, 1, 0),
(47, '何苦', 0, 38, '119.164.1.144', '2021-08-24 11:05:51', 'act_13', '0', 0, '', '为啥没看到评论区的内容？', 0, 0, 1, 0),
(48, 'www', 0, 4, '118.114.116.130', '2021-08-24 16:35:21', 'act_13', '0', 0, '', '测试', 0, 0, 1, 0),
(49, '', 0, 7, '120.227.29.62', '2021-08-25 10:06:57', 'act_12', '0', 0, '', '优秀，好用', 0, 0, 1, 0),
(50, '1', 0, 16, '113.66.107.105', '2021-08-26 20:45:19', 'act_8', '0', 0, '', 'jjjjjjj', 0, 0, 1, 0),
(51, '', 0, 27, '219.147.175.82', '2021-10-24 21:51:02', 'act_1', '0', 0, '', 'ヾ(≧▽≦*)o', 0, 0, 1, 0),
(52, 'CY', 0, 46, '220.173.190.66', '2021-11-29 08:36:49', 'act_3', '0', 0, '', '后续有没有可以自定义字段的功能呢？包括post接口之类的', 0, 0, 1, 0),
(53, 'ee', 0, 31, '58.20.21.233', '2022-01-10 14:54:46', 'act_13', '0', 0, '', '[/哈欠]', 0, 0, 1, 0),
(54, 'ih', 0, 38, '36.99.221.209', '2022-01-16 11:54:32', 'act_4', '0', 0, '', '工作人员扫码按钮找不到', 0, 0, 1, 0),
(55, '宏哥', 0, 15, '101.30.83.74', '2022-03-05 21:56:06', 'act_4', '0', 0, '', '会员资料怎么设置才可以自己修改，而不是固定无法修改', 0, 0, 1, 0),
(56, '', 0, 11, '183.198.82.141', '2022-03-15 10:43:07', 'act_13', '0', 0, '', '呃呃', 0, 0, 1, 0),
(57, '', 0, 1, '183.198.82.141', '2022-03-15 10:43:21', 'act_13', '0', 0, '', '44444', 0, 0, 1, 0);

-- --------------------------------------------------------

--
-- 表的结构 `dc_art_links`
--

CREATE TABLE `dc_art_links` (
  `id` int(11) NOT NULL,
  `link_name` varchar(100) COLLATE utf8mb4_unicode_ci DEFAULT NULL COMMENT '链接名称',
  `link_url` varchar(200) COLLATE utf8mb4_unicode_ci DEFAULT NULL COMMENT '链接URL',
  `link_img` varchar(200) COLLATE utf8mb4_unicode_ci DEFAULT NULL COMMENT '链接图片',
  `listorder` int(11) DEFAULT '0' COMMENT '排序，数值越大越靠前',
  `status` tinyint(1) DEFAULT '0' COMMENT '状态，0=正在审核，1=审核通过，2=无效',
  `remarks` text COLLATE utf8mb4_unicode_ci COMMENT '备注信息'
) ENGINE=MyISAM DEFAULT CHARSET=utf8mb4 COLLATE=utf8mb4_unicode_ci;

--
-- 转存表中的数据 `dc_art_links`
--

INSERT INTO `dc_art_links` (`id`, `link_name`, `link_url`, `link_img`, `listorder`, `status`, `remarks`) VALUES
(1, '码云', 'https://gitee.com/caozha?from=caozha.com', '', 999, 1, ''),
(2, 'GitHub', 'https://github.com/cao-zha?from=caozha.com', '', 998, 1, ''),
(3, '邓草微博', 'https://weibo.com/dengzhenhua?from=caozha.com', '', 1000, 1, ''),
(4, '中国作家网', 'https://vip.chinawriter.com.cn/member/caozha.html?from=caozha.com', '', 0, 1, '');

-- --------------------------------------------------------

--
-- 表的结构 `dc_art_member`
--

CREATE TABLE `dc_art_member` (
  `userid` mediumint(11) UNSIGNED NOT NULL,
  `username` varchar(100) COLLATE utf8_unicode_ci NOT NULL DEFAULT '' COMMENT '用户名',
  `password` varchar(32) COLLATE utf8_unicode_ci NOT NULL DEFAULT '' COMMENT '密码',
  `encrypt` varchar(6) COLLATE utf8_unicode_ci DEFAULT NULL COMMENT '随机码',
  `nickname` varchar(50) COLLATE utf8_unicode_ci DEFAULT NULL COMMENT '昵称',
  `avatar` varchar(200) COLLATE utf8_unicode_ci DEFAULT NULL COMMENT '头像',
  `regtime` datetime DEFAULT NULL COMMENT '注册时间',
  `lasttime` datetime DEFAULT NULL COMMENT '最后登录时间',
  `regip` varchar(15) COLLATE utf8_unicode_ci DEFAULT NULL COMMENT '注册ip',
  `lastip` varchar(15) COLLATE utf8_unicode_ci DEFAULT NULL COMMENT '上次登录ip',
  `loginnum` smallint(8) UNSIGNED DEFAULT '0' COMMENT '登陆次数',
  `email` varchar(100) COLLATE utf8_unicode_ci DEFAULT '' COMMENT '电子邮箱',
  `groupid` int(8) UNSIGNED DEFAULT '0' COMMENT '用户组id',
  `address` varchar(200) COLLATE utf8_unicode_ci DEFAULT NULL COMMENT '用户地址',
  `amount` decimal(8,2) UNSIGNED DEFAULT '0.00' COMMENT '金钱总额',
  `point` smallint(8) UNSIGNED DEFAULT '0' COMMENT '积分',
  `islock` tinyint(1) UNSIGNED DEFAULT '0' COMMENT '是否锁定，1=锁定',
  `qq` varchar(50) COLLATE utf8_unicode_ci DEFAULT '' COMMENT 'QQ',
  `mobile` varchar(50) COLLATE utf8_unicode_ci DEFAULT NULL COMMENT '手机号码',
  `weixin` varchar(100) COLLATE utf8_unicode_ci DEFAULT NULL COMMENT '微信号',
  `remarks` text COLLATE utf8_unicode_ci COMMENT '备注',
  `isrn` tinyint(1) DEFAULT '0' COMMENT '是否已实名，0=未实名，1=实名，2=正在审核',
  `realname` varchar(50) COLLATE utf8_unicode_ci DEFAULT NULL COMMENT '真实姓名',
  `id_card` varchar(20) COLLATE utf8_unicode_ci DEFAULT NULL COMMENT '身份证号'
) ENGINE=MyISAM DEFAULT CHARSET=utf8 COLLATE=utf8_unicode_ci COMMENT='会员表';

--
-- 转存表中的数据 `dc_art_member`
--

INSERT INTO `dc_art_member` (`userid`, `username`, `password`, `encrypt`, `nickname`, `avatar`, `regtime`, `lasttime`, `regip`, `lastip`, `loginnum`, `email`, `groupid`, `address`, `amount`, `point`, `islock`, `qq`, `mobile`, `weixin`, `remarks`, `isrn`, `realname`, `id_card`) VALUES
(1, 'admin', '991cb36dc61b73dd37a385dd4927ce47', '', '管理员', '../../uploads/image/20200531/1590918832985443.jpg', '2020-06-03 18:24:14', '2020-06-03 18:24:14', NULL, NULL, 0, 'dzh188@qq.com', 1, '广西贵港市', '8671.00', 0, 0, '8866629', '13286805000', 'wx', '', 0, '', ''),
(2, 'caozha', '5fd9cd58f4e516bae46557b355c5208a', NULL, '草札', '../../uploads/image/20200531/1590918832985443.jpg', '2020-06-03 20:40:50', '2020-06-03 20:40:50', NULL, NULL, 0, 'dzh188@qq.com', 2, '广西贵港市', '0.00', 0, 1, '8866629', '13286805000', 'weixin', '备注', 0, '', '');

-- --------------------------------------------------------

--
-- 表的结构 `dc_art_member_group`
--

CREATE TABLE `dc_art_member_group` (
  `groupid` int(11) NOT NULL COMMENT '用户组ID',
  `roles` text COLLATE utf8mb4_unicode_ci COMMENT '权限标识符，多个中间用,分隔',
  `group_name` varchar(255) COLLATE utf8mb4_unicode_ci DEFAULT NULL COMMENT '用户组名称',
  `group_remarks` text COLLATE utf8mb4_unicode_ci COMMENT '备注',
  `is_enabled` tinyint(1) DEFAULT '1' COMMENT '是否启用，1为启用',
  `listorder` int(11) DEFAULT '0' COMMENT '排序'
) ENGINE=MyISAM DEFAULT CHARSET=utf8mb4 COLLATE=utf8mb4_unicode_ci;

--
-- 转存表中的数据 `dc_art_member_group`
--

INSERT INTO `dc_art_member_group` (`groupid`, `roles`, `group_name`, `group_remarks`, `is_enabled`, `listorder`) VALUES
(1, 'mine,cmt', '普通会员', '', 1, 100),
(2, 'mine,cmt', '高级会员', '', 1, 90);

-- --------------------------------------------------------

--
-- 表的结构 `dc_art_roles`
--

CREATE TABLE `dc_art_roles` (
  `role_id` int(11) NOT NULL COMMENT '权限组ID',
  `roles` text COLLATE utf8mb4_unicode_ci COMMENT '权限标识符，多个中间用,分隔',
  `role_name` varchar(255) COLLATE utf8mb4_unicode_ci DEFAULT NULL COMMENT '权限组名称',
  `role_remarks` text COLLATE utf8mb4_unicode_ci COMMENT '备注',
  `is_enabled` tinyint(1) DEFAULT '1' COMMENT '是否启用，1为启用'
) ENGINE=MyISAM DEFAULT CHARSET=utf8mb4 COLLATE=utf8mb4_unicode_ci;

--
-- 转存表中的数据 `dc_art_roles`
--

INSERT INTO `dc_art_roles` (`role_id`, `roles`, `role_name`, `role_remarks`, `is_enabled`) VALUES
(1, 'config,roles,admin,log_view,log_del,mine,category,article,block,member,mbr_group,comment', '超级管理员', '可使用后台所有功能', 1),
(2, 'article', '内容管理员', '测试停用', 0),
(3, 'article', '编辑', '只管理文章', 1);

-- --------------------------------------------------------

--
-- 表的结构 `dc_art_syslog`
--

CREATE TABLE `dc_art_syslog` (
  `log_id` int(11) NOT NULL,
  `log_content` text COMMENT '系统日志内容',
  `log_user` varchar(255) DEFAULT NULL COMMENT '操作管理员',
  `log_ip` varchar(50) DEFAULT NULL COMMENT 'IP',
  `log_datetime` datetime DEFAULT NULL COMMENT '操作时间'
) ENGINE=MyISAM DEFAULT CHARSET=utf8 COMMENT='系统日志';

-- --------------------------------------------------------

--
-- 表的结构 `dc_art_tags`
--

CREATE TABLE `dc_art_tags` (
  `id` int(11) NOT NULL,
  `name` varchar(50) COLLATE utf8mb4_unicode_ci DEFAULT NULL COMMENT '标签名',
  `count` int(11) DEFAULT '0' COMMENT '内容数',
  `listorder` int(11) DEFAULT '0' COMMENT '排序'
) ENGINE=MyISAM DEFAULT CHARSET=utf8mb4 COLLATE=utf8mb4_unicode_ci;

-- --------------------------------------------------------

--
-- 表的结构 `dc_art_web_config`
--

CREATE TABLE `dc_art_web_config` (
  `id` int(11) NOT NULL,
  `web_config` text COLLATE utf8mb4_unicode_ci
) ENGINE=MyISAM DEFAULT CHARSET=utf8mb4 COLLATE=utf8mb4_unicode_ci;

--
-- 转存表中的数据 `dc_art_web_config`
--

INSERT INTO `dc_art_web_config` (`id`, `web_config`) VALUES
(1, '{\"site_name\":\"\\u4f5c\\u6587\\u7f51\",\"site_url\":\"http:\\/\\/dc-article\",\"cache_expire\":\"3600\",\"site_style\":\"dc_green\",\"admin_limit\":\"15\",\"roles_limit\":\"15\",\"syslog_limit\":\"15\",\"article_limit\":\"15\",\"block_limit\":\"15\",\"member_limit\":\"10\",\"member_group_limit\":\"10\",\"comment_limit\":\"10\",\"links_limit\":\"10\",\"index_title\":\"\\u4f5c\\u6587\\u7f51_\\u4f5c\\u6587\\u5927\\u5168_\\u7ecf\\u5178\\u539f\\u521b\\u4f5c\\u6587\\u7f51 - \\u9996\\u9875\",\"index_keywords\":\"\\u4f5c\\u6587,\\u4f5c\\u6587\\u7f51,\\u4f5c\\u6587\\u5927\\u5168,\\u9093\\u8349,\\u8349\\u672d,caozha\",\"index_description\":\"\\u4f5c\\u6587\\u7f51\\u662f\\u4e00\\u4e2a\\u7ecf\\u5178\\u539f\\u521b\\u4f5c\\u6587\\u7f51\\uff0c\\u63d0\\u4f9b\\u6700\\u65b0\\u6700\\u5168\\u7684\\u4f5c\\u6587\\u5927\\u5168\\u3002\",\"site_footer\":\"<p>Copyright \\u00a9 <a href=\\\\\\\"http:\\/\\/caozha.com\\\\\\\" target=\\\\\\\"_blank\\\\\\\">caozha.com<\\/a> All Rights Reserved. \\u5907\\u6848\\u53f7\\uff1a<a href=\\\\\\\"http:\\/\\/beian.miit.gov.cn\\/\\\\\\\" target=\\\\\\\"_blank\\\\\\\" rel=\\\\\\\"nofollow\\\\\\\">\\u7ca4ICP\\u590719040465\\u53f7-1<\\/a> <\\/p>\\n<p>\\u58f0\\u660e:\\u672c\\u7f51\\u7ad9\\u5c0a\\u91cd\\u5e76\\u4fdd\\u62a4\\u77e5\\u8bc6\\u4ea7\\u6743\\uff0c\\u6839\\u636e\\u300a\\u4fe1\\u606f\\u7f51\\u7edc\\u4f20\\u64ad\\u6743\\u4fdd\\u62a4\\u6761\\u4f8b\\u300b\\uff0c\\u5982\\u679c\\u6211\\u4eec\\u8f6c\\u8f7d\\u7684\\u4f5c\\u54c1\\u4fb5\\u72af\\u4e86\\u60a8\\u7684\\u6743\\u5229,\\u8bf7\\u5728\\u4e00\\u4e2a\\u6708\\u5185\\u901a\\u77e5\\u6211\\u4eec\\uff0c\\u6211\\u4eec\\u4f1a\\u53ca\\u65f6\\u5220\\u9664\\u3002<\\/p>\"}');

--
-- 转储表的索引
--

--
-- 表的索引 `dc_art_administrators`
--
ALTER TABLE `dc_art_administrators`
  ADD PRIMARY KEY (`admin_id`);

--
-- 表的索引 `dc_art_article`
--
ALTER TABLE `dc_art_article`
  ADD PRIMARY KEY (`id`) USING BTREE,
  ADD KEY `status` (`status`,`listorder`,`id`),
  ADD KEY `listorder` (`catid`,`status`,`listorder`,`id`),
  ADD KEY `catid` (`catid`,`status`,`id`);

--
-- 表的索引 `dc_art_block`
--
ALTER TABLE `dc_art_block`
  ADD PRIMARY KEY (`block_id`);

--
-- 表的索引 `dc_art_category`
--
ALTER TABLE `dc_art_category`
  ADD PRIMARY KEY (`catid`),
  ADD KEY `module` (`parentid`,`listorder`,`catid`),
  ADD KEY `siteid` (`type`);

--
-- 表的索引 `dc_art_comment`
--
ALTER TABLE `dc_art_comment`
  ADD PRIMARY KEY (`id`);

--
-- 表的索引 `dc_art_links`
--
ALTER TABLE `dc_art_links`
  ADD PRIMARY KEY (`id`);

--
-- 表的索引 `dc_art_member`
--
ALTER TABLE `dc_art_member`
  ADD PRIMARY KEY (`userid`),
  ADD UNIQUE KEY `username` (`username`),
  ADD KEY `email` (`email`(20));

--
-- 表的索引 `dc_art_member_group`
--
ALTER TABLE `dc_art_member_group`
  ADD PRIMARY KEY (`groupid`);

--
-- 表的索引 `dc_art_roles`
--
ALTER TABLE `dc_art_roles`
  ADD PRIMARY KEY (`role_id`);

--
-- 表的索引 `dc_art_syslog`
--
ALTER TABLE `dc_art_syslog`
  ADD PRIMARY KEY (`log_id`);

--
-- 表的索引 `dc_art_tags`
--
ALTER TABLE `dc_art_tags`
  ADD PRIMARY KEY (`id`);

--
-- 表的索引 `dc_art_web_config`
--
ALTER TABLE `dc_art_web_config`
  ADD PRIMARY KEY (`id`);

--
-- 在导出的表使用AUTO_INCREMENT
--

--
-- 使用表AUTO_INCREMENT `dc_art_administrators`
--
ALTER TABLE `dc_art_administrators`
  MODIFY `admin_id` int(11) NOT NULL AUTO_INCREMENT COMMENT '管理员ID', AUTO_INCREMENT=2;

--
-- 使用表AUTO_INCREMENT `dc_art_article`
--
ALTER TABLE `dc_art_article`
  MODIFY `id` int(11) UNSIGNED NOT NULL AUTO_INCREMENT, AUTO_INCREMENT=47;

--
-- 使用表AUTO_INCREMENT `dc_art_block`
--
ALTER TABLE `dc_art_block`
  MODIFY `block_id` int(11) NOT NULL AUTO_INCREMENT COMMENT 'ID', AUTO_INCREMENT=4;

--
-- 使用表AUTO_INCREMENT `dc_art_category`
--
ALTER TABLE `dc_art_category`
  MODIFY `catid` smallint(11) UNSIGNED NOT NULL AUTO_INCREMENT COMMENT '栏目ID', AUTO_INCREMENT=41;

--
-- 使用表AUTO_INCREMENT `dc_art_comment`
--
ALTER TABLE `dc_art_comment`
  MODIFY `id` int(11) NOT NULL AUTO_INCREMENT, AUTO_INCREMENT=58;

--
-- 使用表AUTO_INCREMENT `dc_art_links`
--
ALTER TABLE `dc_art_links`
  MODIFY `id` int(11) NOT NULL AUTO_INCREMENT, AUTO_INCREMENT=5;

--
-- 使用表AUTO_INCREMENT `dc_art_member`
--
ALTER TABLE `dc_art_member`
  MODIFY `userid` mediumint(11) UNSIGNED NOT NULL AUTO_INCREMENT, AUTO_INCREMENT=3;

--
-- 使用表AUTO_INCREMENT `dc_art_member_group`
--
ALTER TABLE `dc_art_member_group`
  MODIFY `groupid` int(11) NOT NULL AUTO_INCREMENT COMMENT '用户组ID', AUTO_INCREMENT=3;

--
-- 使用表AUTO_INCREMENT `dc_art_roles`
--
ALTER TABLE `dc_art_roles`
  MODIFY `role_id` int(11) NOT NULL AUTO_INCREMENT COMMENT '权限组ID', AUTO_INCREMENT=4;

--
-- 使用表AUTO_INCREMENT `dc_art_syslog`
--
ALTER TABLE `dc_art_syslog`
  MODIFY `log_id` int(11) NOT NULL AUTO_INCREMENT;

--
-- 使用表AUTO_INCREMENT `dc_art_tags`
--
ALTER TABLE `dc_art_tags`
  MODIFY `id` int(11) NOT NULL AUTO_INCREMENT;

--
-- 使用表AUTO_INCREMENT `dc_art_web_config`
--
ALTER TABLE `dc_art_web_config`
  MODIFY `id` int(11) NOT NULL AUTO_INCREMENT, AUTO_INCREMENT=2;
COMMIT;

/*!40101 SET CHARACTER_SET_CLIENT=@OLD_CHARACTER_SET_CLIENT */;
/*!40101 SET CHARACTER_SET_RESULTS=@OLD_CHARACTER_SET_RESULTS */;
/*!40101 SET COLLATION_CONNECTION=@OLD_COLLATION_CONNECTION */;
